{
	"name": "LandingToStagingTransformation",
	"properties": {
		"type": "MappingDataFlow",
		"typeProperties": {
			"sources": [
				{
					"dataset": {
						"referenceName": "AzureSqlIngestionTable",
						"type": "DatasetReference"
					},
					"name": "LandingTable"
				},
				{
					"dataset": {
						"referenceName": "GenderEnumeration",
						"type": "DatasetReference"
					},
					"name": "GenderEnumeration"
				},
				{
					"dataset": {
						"referenceName": "MaritalStatusEnumeration",
						"type": "DatasetReference"
					},
					"name": "MaritalStatusEnumeration"
				},
				{
					"dataset": {
						"referenceName": "PayFrequencyEnumeration",
						"type": "DatasetReference"
					},
					"name": "PayFrequencyEnumeration"
				},
				{
					"dataset": {
						"referenceName": "StateEnumeration",
						"type": "DatasetReference"
					},
					"name": "StateEnumeration"
				},
				{
					"dataset": {
						"referenceName": "UnionStatusEnumeration",
						"type": "DatasetReference"
					},
					"name": "UnionStatusEnumeration"
				}
			],
			"sinks": [
				{
					"dataset": {
						"referenceName": "StagingIngestionTempTable",
						"type": "DatasetReference"
					},
					"name": "IngestionTempTable"
				}
			],
			"transformations": [
				{
					"name": "DerivedColumnDecimls"
				},
				{
					"name": "DerivedColumnDecimals2"
				},
				{
					"name": "DerivedColumnDates"
				},
				{
					"name": "GenderEnumerationJoin"
				},
				{
					"name": "GenderCombine"
				},
				{
					"name": "GenderSpecificSelect"
				},
				{
					"name": "MaritalStatusEnumerationJoin"
				},
				{
					"name": "MaritalStatusCombine"
				},
				{
					"name": "MaritalStatusSpecificSelect"
				},
				{
					"name": "PayFrequencyEnumerationJoin"
				},
				{
					"name": "PayFrequencycombine"
				},
				{
					"name": "PayFrequencySpecificSelect"
				},
				{
					"name": "StateEnumerationJoin"
				},
				{
					"name": "StateCombine"
				},
				{
					"name": "StateSpecificSelect"
				},
				{
					"name": "UnionStatusEnumerationJoin"
				},
				{
					"name": "UnionStatusCombine"
				},
				{
					"name": "UnionStatusSpecificSelect"
				}
			],
			"script": "parameters{\n\tFileReceivedID as string\n}\nsource(output(\n\t\tLanding_Contribution_Data_ID as long,\n\t\tFile_received_ID as integer,\n\t\tInbound_File_Setup_ID as integer,\n\t\tPaylocity_Company_Code as string,\n\t\tCheck_Date as string,\n\t\tSSN as string,\n\t\tFirst_Name as string,\n\t\tMiddle_Name as string,\n\t\tLast_Name as string,\n\t\tTitle as string,\n\t\tEmployee_ID as string,\n\t\tGender as string,\n\t\tEmployee_Status as string,\n\t\tMarital_Status as string,\n\t\tDivision_Code as string,\n\t\tUnion_Status as string,\n\t\tAddress_1 as string,\n\t\tAddress_2 as string,\n\t\tCity as string,\n\t\tState as string,\n\t\tZip as string,\n\t\tBirth_Date as string,\n\t\tHire_Date as string,\n\t\tTermination_Date as string,\n\t\tRehire_Date as string,\n\t\tGross_Earnings as string,\n\t\tPay_Period_Hours as string,\n\t\tEmployee_Deferral as string,\n\t\tEmployee_Roth as string,\n\t\tLoan_Payments as string,\n\t\tEmployee_After_Tax as string,\n\t\tEmployer_Match as string,\n\t\tSafe_Harbor_Match as string,\n\t\tSafe_Harbor_Non_Elective as string,\n\t\tQualified_Matching_Contribution as string,\n\t\tQualified_Non_Elective_Contribution as string,\n\t\tProfit_Sharing as string,\n\t\tMoney_Purchase as string,\n\t\tPay_Frequency as string,\n\t\tEmail as string,\n\t\tPhone_Number as string,\n\t\tPay_Type as string,\n\t\tAdjusted_Seniority_Date as string,\n\t\tLeave_Of_Absence_Begin_Date as string,\n\t\tLeave_Of_Absence_End_Date as string,\n\t\tPayroll_Begin_Date as string,\n\t\tPayroll_End_Date as string,\n\t\tCost_Center_1_Code as string,\n\t\tCost_Center_2_Code as string,\n\t\tCost_Center_3_Code as string,\n\t\tPlan_Earnings as string,\n\t\tExcluded_Earnings as string,\n\t\tSection_125 as string,\n\t\tLoan_Additional_Principal_Payments as string,\n\t\tLoan_Number as string,\n\t\tRollover as string,\n\t\tRollover_Roth as string,\n\t\tYTD_Gross_Earnings as string,\n\t\tPlan_YTD_Earnings as string,\n\t\tPlan_YTD_Hours as string,\n\t\tPlan_YTD_Excluded_Earnings as string,\n\t\tPlan_YTD_Section_125 as string,\n\t\tPlan_YTD_Employee_Deferral as string,\n\t\tPlan_YTD_Employee_Roth as string,\n\t\tPlan_YTD_Employee_After_Tax as string,\n\t\tPlan_YTD_Loan_Payments as string,\n\t\tPlan_YTD_Loan_Number as string,\n\t\tPlan_YTD_Employer_Match as string,\n\t\tPlan_YTD_Safe_Harbor_Match as string,\n\t\tPlan_YTD_Qualified_Matching_Contribution as string,\n\t\tPlan_YTD_Safe_Harbor_Non_Elective as string,\n\t\tPlan_YTD_Qualified_Non_Elective_Contribution as string,\n\t\tPlan_YTD_Profit_Sharing as string,\n\t\tPlan_YTD_Money_Purchase as string,\n\t\tPlan_YTD_Rollover as string,\n\t\tPlan_YTD_Rollover_Roth as string,\n\t\tPlan_ID as string,\n\t\tPlan_Name as string,\n\t\tInvestment_Election as string,\n\t\tInvestment_Change_Date as string,\n\t\tRecipient_Vendor_Plan_ID as string,\n\t\tDetail as string,\n\t\tEmployer_EIN as string,\n\t\tEmployer_Name as string,\n\t\tEmployer_Plan_ID as string,\n\t\tEmployer_Sub_Plan_ID as string,\n\t\tOriginating_Vendor_ID as string,\n\t\tOriginating_Vendor_Sub_Plan_ID as string,\n\t\tRecipient_Vendor_Sub_Plan_ID as string,\n\t\tType_of_Account as string,\n\t\tHR_Area_Or_Location_Code as string,\n\t\tHR_Sub_Area as string,\n\t\tAdjusted_Date_of_Hire as string,\n\t\tPayroll_Mode as string,\n\t\tContribution_Source_Code_1 as string,\n\t\tContribution_Source_Amount_1 as string,\n\t\tContribution_Source_Code_2 as string,\n\t\tContribution_Source_Amount_2 as string,\n\t\tContribution_Source_Code_3 as string,\n\t\tContribution_Source_Amount_3 as string,\n\t\tContribution_Source_Code_4 as string,\n\t\tContribution_Source_Amount_4 as string,\n\t\tContribution_Source_Code_5 as string,\n\t\tContribution_Source_Amount_5 as string,\n\t\tContribution_Source_Code_6 as string,\n\t\tContribution_Source_Amount_6 as string,\n\t\tContribution_Source_Code_7 as string,\n\t\tContribution_Source_Amount_7 as string,\n\t\tContribution_Source_Code_8 as string,\n\t\tContribution_Source_Amount_8 as string,\n\t\tFinal_Contribution_Indicator as string,\n\t\tLoan_Number_1 as string,\n\t\tLoan_Repayment_Amount_1 as string,\n\t\tLoan_Number_2 as string,\n\t\tLoan_Repayment_Amout_2 as string,\n\t\tLoan_Number_3 as string,\n\t\tLoan_Repayment_Amount_3 as string,\n\t\tLoan_Number_4 as string,\n\t\tLoan_Repayment_Amount_4 as string,\n\t\tLoan_Number_5 as string,\n\t\tLoan_Repayment_Amount_5 as string,\n\t\tOMNI_Field_52 as string,\n\t\tOMNI_Field_53 as string,\n\t\tOMNI_Field_54 as string,\n\t\tOMNI_Field_55 as string,\n\t\tOMNI_Field_56 as string,\n\t\tOMNI_Field_57 as string,\n\t\tOMNI_Field_58 as string,\n\t\tOMNI_Field_59 as string,\n\t\tOMNI_Field_60 as string,\n\t\tOMNI_Field_61 as string,\n\t\tOMNI_Field_62 as string,\n\t\tOMNI_Field_63 as string,\n\t\tOMNI_Field_64 as string,\n\t\tOMNI_Field_65 as string,\n\t\tOMNI_Field_66 as string,\n\t\tOMNI_Field_67 as string,\n\t\tRecord_Level_1 as string,\n\t\tRecord_Level_1_Vendor as string,\n\t\tRecord_Level_1_File_Release_Time as string,\n\t\tRecord_Level_1_Total_Amount_in_File as string,\n\t\tRecord_Level_1_Number_of_Contributions as string,\n\t\tRecord_Level_1_Datetime as string,\n\t\tRecord_Level_1_Number_of_Participants as string,\n\t\tRecord_Level_2 as string,\n\t\tRecord_Level_2_Plan_Name as string,\n\t\tRecord_Level_2_Remitter_Plan_Code as string,\n\t\tRecord_Level_2_Column_D as string,\n\t\tRecord_Level_2_Column_E as string,\n\t\tRecord_Level_2_Payroll_Date as string,\n\t\tRecord_Level_2_Total_Amount_in_Plan as string,\n\t\tRecord_Level_2_Number_of_Participants as string,\n\t\tRecord_Level_3 as string,\n\t\tRecord_Level_3_SSN as string,\n\t\tRecord_Level_3_Last_Name as string,\n\t\tRecord_Level_3_First_Name as string,\n\t\tRecord_Level_3_Remitter_Plan_Code as string,\n\t\tRecord_Level_3_Remittance_Type as string,\n\t\tRecord_Level_3_Source_Code as string,\n\t\tRecord_Level_3_Number_of_Participants as string,\n\t\tRecord_Level_3_Column_I as string,\n\t\tRecord_Level_3_Amount as string,\n\t\tRecord_Level_4 as string,\n\t\tRecord_Level_4_Plan_Name as string,\n\t\tRecord_Level_4_Remitter_Plan_Code as string,\n\t\tRecord_Level_4_Column_D as string,\n\t\tRecord_Level_4_Column_E as string,\n\t\tRecord_Level_4_Payroll_Date as string,\n\t\tRecord_Level_4_Total_Amount_in_Plan as string,\n\t\tRecord_Level_4_Number_of_Participants as string,\n\t\tRecord_Level_5 as string,\n\t\tRecord_Level_5_Vendor as string,\n\t\tRecord_Level_5_File_Release_Time as string,\n\t\tRecord_Level_5_Total_Amount_in_File as string,\n\t\tRecord_Level_5_Number_of_Contributions as string,\n\t\tRecord_Level_5_Datetime as string,\n\t\tRecord_Level_5_Number_of_Participants as string,\n\t\tRemittance_Type as string,\n\t\tContribution_Rate as string,\n\t\tLoan_Balance as string,\n\t\tComments as string,\n\t\tHeader_Column_1 as string,\n\t\tHeader_Column_2 as string,\n\t\tHeader_Column_3 as string,\n\t\tHeader_Column_4 as string,\n\t\tHeader_Column_5 as string,\n\t\tHeader_Column_6 as string,\n\t\tHeader_Column_7 as string,\n\t\tHeader_Column_8 as string,\n\t\tHeader_Column_9 as string,\n\t\tHeader_Column_10 as string,\n\t\tFooter_Column_1 as string,\n\t\tFooter_Column_2 as string,\n\t\tFooter_Column_3 as string,\n\t\tFooter_Column_4 as string,\n\t\tFooter_Column_5 as string,\n\t\tFooter_Column_6 as string,\n\t\tFooter_Column_7 as string,\n\t\tFooter_Column_8 as string,\n\t\tFooter_Column_9 as string,\n\t\tFooter_Column_10 as string,\n\t\tOMNI_Field_50 as string,\n\t\tOMNI_Field_51 as string,\n\t\tPAYLOCITY_Field_71 as string,\n\t\tPAYLOCITY_Field_72 as string,\n\t\tPAYLOCITY_Field_73 as string,\n\t\tPAYLOCITY_Field_74 as string,\n\t\tStatus as string\n\t),\n\tallowSchemaDrift: false,\n\tvalidateSchema: false,\n\tignoreNoFilesFound: false,\n\tisolationLevel: 'NONE',\n\tquery: (\"select * from tbl_Landing_Contribution_Data where File_received_ID={$FileReceivedID}\"),\n\tformat: 'query') ~> LandingTable\nsource(output(\n\t\tColumn_Name as string,\n\t\tActual_value as string,\n\t\tProposed_Value as string\n\t),\n\tallowSchemaDrift: true,\n\tvalidateSchema: false,\n\tignoreNoFilesFound: false) ~> GenderEnumeration\nsource(output(\n\t\tColumn_Name as string,\n\t\tActual_value as string,\n\t\tProposed_Value as string\n\t),\n\tallowSchemaDrift: true,\n\tvalidateSchema: false,\n\tignoreNoFilesFound: false) ~> MaritalStatusEnumeration\nsource(output(\n\t\tColumn_Name as string,\n\t\tActual_value as string,\n\t\tProposed_Value as string\n\t),\n\tallowSchemaDrift: true,\n\tvalidateSchema: false,\n\tignoreNoFilesFound: false) ~> PayFrequencyEnumeration\nsource(output(\n\t\tColumn_Name as string,\n\t\tActual_value as string,\n\t\tProposed_Value as string\n\t),\n\tallowSchemaDrift: true,\n\tvalidateSchema: false,\n\tignoreNoFilesFound: false) ~> StateEnumeration\nsource(output(\n\t\tColumn_Name as string,\n\t\tActual_value as string,\n\t\tProposed_Value as string\n\t),\n\tallowSchemaDrift: true,\n\tvalidateSchema: false,\n\tignoreNoFilesFound: false) ~> UnionStatusEnumeration\nLandingTable derive(Gross_Earnings = round(toDecimal(Gross_Earnings,18,2),2),\n\t\tPay_Period_Hours = round(toDecimal(Pay_Period_Hours,18,2),2),\n\t\tEmployee_Deferral = round(toDecimal(Employee_Deferral,18,2),2),\n\t\tEmployee_Roth = round(toDecimal(Employee_Roth,18,2),2),\n\t\tLoan_Payments = round(toDecimal(Loan_Payments,18,2),2),\n\t\tEmployee_After_Tax = round(toDecimal(Employee_After_Tax,18,2),2),\n\t\tEmployer_Match = round(toDecimal(Employer_Match,18,2),2),\n\t\tSafe_Harbor_Match = round(toDecimal(Safe_Harbor_Match,18,2),2),\n\t\tSafe_Harbor_Non_Elective = round(toDecimal(Safe_Harbor_Non_Elective,18,2),2),\n\t\tQualified_Matching_Contribution = round(toDecimal(Qualified_Matching_Contribution,18,2),2),\n\t\tQualified_Non_Elective_Contribution = round(toDecimal(Qualified_Non_Elective_Contribution,18,2),2),\n\t\tProfit_Sharing = round(toDecimal(Profit_Sharing,18,2),2),\n\t\tMoney_Purchase = round(toDecimal(Money_Purchase,18,2),2),\n\t\tContribution_Source_Amount_1 = round(toDecimal(Contribution_Source_Amount_1,18,2),2)) ~> DerivedColumnDecimls\nDerivedColumnDecimls derive(Contribution_Source_Amount_2 = round(toDecimal(Contribution_Source_Amount_2,18,2),2),\n\t\tContribution_Source_Amount_3 = round(toDecimal(Contribution_Source_Amount_3,18,2),2),\n\t\tContribution_Source_Amount_4 = round(toDecimal(Contribution_Source_Amount_4,18,2),2),\n\t\tContribution_Source_Amount_5 = round(toDecimal(Contribution_Source_Amount_5,18,2),2),\n\t\tContribution_Source_Amount_6 = round(toDecimal(Contribution_Source_Amount_6,18,2),2),\n\t\tContribution_Source_Amount_7 = round(toDecimal(Contribution_Source_Amount_7,18,2),2),\n\t\tContribution_Source_Amount_8 = round(toDecimal(Contribution_Source_Amount_8,18,2),2),\n\t\tLoan_Repayment_Amount_1 = round(toDecimal(Loan_Repayment_Amount_1,18,2),2),\n\t\tLoan_Repayment_Amout_2 = round(toDecimal(Loan_Repayment_Amout_2,18,2),2),\n\t\tLoan_Repayment_Amount_3 = round(toDecimal(Loan_Repayment_Amount_3,18,2),2),\n\t\tLoan_Repayment_Amount_4 = round(toDecimal(Loan_Repayment_Amount_4,18,2),2),\n\t\tLoan_Repayment_Amount_5 = round(toDecimal(Loan_Repayment_Amount_5,18,2),2),\n\t\tRecord_Level_3_Amount = round(toDecimal(Record_Level_3_Amount,18,2),2),\n\t\tSSN = replace(SSN,'-','')) ~> DerivedColumnDecimals2\nDerivedColumnDecimals2 derive(Birth_Date = coalesce(toDate(Birth_Date,'MM/dd/yyyy'),toDate(Birth_Date,'dd/MM/yyyy'),toDate(Birth_Date,'yyyy/MM/dd'),toDate(Birth_Date,'yyyy/dd/MM'),\r\ntoDate(Birth_Date,'yyyyddMM'),toDate(Birth_Date,'yyyyMMdd'),toDate(Birth_Date,'ddMMyyyy'),toDate(Birth_Date,'MMddyyyy'),\r\ntoDate(Birth_Date,'yyyy-MM-dd'),toDate(Birth_Date,'yyyy-dd-MM'),toDate(Birth_Date,'MM-dd-yyyy'),toDate(Birth_Date,'dd-MM-yyyy'),\r\ntoDate(Birth_Date,'MMM/dd/yyyy'),toDate(Birth_Date,'dd/MMM/yyyy'),toDate(Birth_Date,'yyyy/MMM/dd'),toDate(Birth_Date,'yyyy/dd/MMM'),\r\ntoDate(Birth_Date,'yyyyddMMM'),toDate(Birth_Date,'yyyyMMMdd'),toDate(Birth_Date,'ddMMMyyyy'),toDate(Birth_Date,'MMMddyyyy'),\r\ntoDate(Birth_Date,'yyyy-MMM-dd'),toDate(Birth_Date,'yyyy-dd-MMM'),toDate(Birth_Date,'MMM-dd-yyyy'),toDate(Birth_Date,'dd-MMM-yyyy'),\r\ntoDate(Birth_Date,'MMMM/dd/yyyy'),toDate(Birth_Date,'dd/MMMM/yyyy'),toDate(Birth_Date,'yyyy/MMMM/dd'),toDate(Birth_Date,'yyyy/dd/MMMM'),\r\ntoDate(Birth_Date,'yyyyddMMMM'),toDate(Birth_Date,'yyyyMMMMdd'),toDate(Birth_Date,'ddMMMMyyyy'),toDate(Birth_Date,'MMMMddyyyy'),\r\ntoDate(Birth_Date,'yyyy-MMMM-dd'),toDate(Birth_Date,'yyyy-dd-MMMM'),\r\ntoDate(Birth_Date,'MM/dd/yy'),toDate(Birth_Date,'dd/MM/yy'),toDate(Birth_Date,'yy/MM/dd'),toDate(Birth_Date,'yy/dd/MM'),\r\ntoDate(Birth_Date,'yyddMM'),toDate(Birth_Date,'yyMMdd'),toDate(Birth_Date,'ddMMyy'),toDate(Birth_Date,'MMddyy'),\r\ntoDate(Birth_Date,'yy-MM-dd'),toDate(Birth_Date,'yy-dd-MM'),\r\ntoDate(Birth_Date,'MMM/dd/yy'),toDate(Birth_Date,'dd/MMM/yy'),toDate(Birth_Date,'yy/MMM/dd'),toDate(Birth_Date,'yy/dd/MMM'),\r\ntoDate(Birth_Date,'yyddMMM'),toDate(Birth_Date,'yyMMMdd'),toDate(Birth_Date,'ddMMMyy'),toDate(Birth_Date,'MMMddyy'),\r\ntoDate(Birth_Date,'yy-MMM-dd'),toDate(Birth_Date,'yy-dd-MMM'),\r\ntoDate(Birth_Date,'MMMM/dd/yy'),toDate(Birth_Date,'dd/MMMM/yy'),toDate(Birth_Date,'yy/MMMM/dd'),toDate(Birth_Date,'yy/dd/MMMM'),\r\ntoDate(Birth_Date,'yyddMMMM'),toDate(Birth_Date,'yyMMMMdd'),toDate(Birth_Date,'ddMMMMyy'),toDate(Birth_Date,'MMMMddyy'),\r\ntoDate(Birth_Date,'yy-MMMM-dd'),toDate(Birth_Date,'yy-dd-MMMM')),\n\t\tHire_Date = coalesce(toDate(Hire_Date,'MM/dd/yyyy'),toDate(Hire_Date,'dd/MM/yyyy'),toDate(Hire_Date,'yyyy/MM/dd'),toDate(Hire_Date,'yyyy/dd/MM'),\r\ntoDate(Hire_Date,'yyyyddMM'),toDate(Hire_Date,'yyyyMMdd'),toDate(Hire_Date,'ddMMyyyy'),toDate(Hire_Date,'MMddyyyy'),\r\ntoDate(Hire_Date,'yyyy-MM-dd'),toDate(Hire_Date,'yyyy-dd-MM'),toDate(Hire_Date,'MM-dd-yyyy'),toDate(Hire_Date,'dd-MM-yyyy'),\r\ntoDate(Hire_Date,'MMM/dd/yyyy'),toDate(Hire_Date,'dd/MMM/yyyy'),toDate(Hire_Date,'yyyy/MMM/dd'),toDate(Hire_Date,'yyyy/dd/MMM'),\r\ntoDate(Hire_Date,'yyyyddMMM'),toDate(Hire_Date,'yyyyMMMdd'),toDate(Hire_Date,'ddMMMyyyy'),toDate(Hire_Date,'MMMddyyyy'),\r\ntoDate(Hire_Date,'yyyy-MMM-dd'),toDate(Hire_Date,'yyyy-dd-MMM'),toDate(Hire_Date,'MMM-dd-yyyy'),toDate(Hire_Date,'dd-MMM-yyyy'),\r\ntoDate(Hire_Date,'MMMM/dd/yyyy'),toDate(Hire_Date,'dd/MMMM/yyyy'),toDate(Hire_Date,'yyyy/MMMM/dd'),toDate(Hire_Date,'yyyy/dd/MMMM'),\r\ntoDate(Hire_Date,'yyyyddMMMM'),toDate(Hire_Date,'yyyyMMMMdd'),toDate(Hire_Date,'ddMMMMyyyy'),toDate(Hire_Date,'MMMMddyyyy'),\r\ntoDate(Hire_Date,'yyyy-MMMM-dd'),toDate(Hire_Date,'yyyy-dd-MMMM'),\r\ntoDate(Hire_Date,'MM/dd/yy'),toDate(Hire_Date,'dd/MM/yy'),toDate(Hire_Date,'yy/MM/dd'),toDate(Hire_Date,'yy/dd/MM'),\r\ntoDate(Hire_Date,'yyddMM'),toDate(Hire_Date,'yyMMdd'),toDate(Hire_Date,'ddMMyy'),toDate(Hire_Date,'MMddyy'),\r\ntoDate(Hire_Date,'yy-MM-dd'),toDate(Hire_Date,'yy-dd-MM'),\r\ntoDate(Hire_Date,'MMM/dd/yy'),toDate(Hire_Date,'dd/MMM/yy'),toDate(Hire_Date,'yy/MMM/dd'),toDate(Hire_Date,'yy/dd/MMM'),\r\ntoDate(Hire_Date,'yyddMMM'),toDate(Hire_Date,'yyMMMdd'),toDate(Hire_Date,'ddMMMyy'),toDate(Hire_Date,'MMMddyy'),\r\ntoDate(Hire_Date,'yy-MMM-dd'),toDate(Hire_Date,'yy-dd-MMM'),\r\ntoDate(Hire_Date,'MMMM/dd/yy'),toDate(Hire_Date,'dd/MMMM/yy'),toDate(Hire_Date,'yy/MMMM/dd'),toDate(Hire_Date,'yy/dd/MMMM'),\r\ntoDate(Hire_Date,'yyddMMMM'),toDate(Hire_Date,'yyMMMMdd'),toDate(Hire_Date,'ddMMMMyy'),toDate(Hire_Date,'MMMMddyy'),\r\ntoDate(Hire_Date,'yy-MMMM-dd'),toDate(Hire_Date,'yy-dd-MMMM')),\n\t\tTermination_Date = coalesce(toDate(Termination_Date,'MM/dd/yyyy'),toDate(Termination_Date,'dd/MM/yyyy'),toDate(Termination_Date,'yyyy/MM/dd'),toDate(Termination_Date,'yyyy/dd/MM'),\r\ntoDate(Termination_Date,'yyyyddMM'),toDate(Termination_Date,'yyyyMMdd'),toDate(Termination_Date,'ddMMyyyy'),toDate(Termination_Date,'MMddyyyy'),\r\ntoDate(Termination_Date,'yyyy-MM-dd'),toDate(Termination_Date,'yyyy-dd-MM'),toDate(Termination_Date,'MM-dd-yyyy'),toDate(Termination_Date,'dd-MM-yyyy'),\r\ntoDate(Termination_Date,'MMM/dd/yyyy'),toDate(Termination_Date,'dd/MMM/yyyy'),toDate(Termination_Date,'yyyy/MMM/dd'),toDate(Termination_Date,'yyyy/dd/MMM'),\r\ntoDate(Termination_Date,'yyyyddMMM'),toDate(Termination_Date,'yyyyMMMdd'),toDate(Termination_Date,'ddMMMyyyy'),toDate(Termination_Date,'MMMddyyyy'),\r\ntoDate(Termination_Date,'yyyy-MMM-dd'),toDate(Termination_Date,'yyyy-dd-MMM'),toDate(Termination_Date,'MMM-dd-yyyy'),toDate(Termination_Date,'dd-MMM-yyyy'),\r\ntoDate(Termination_Date,'MMMM/dd/yyyy'),toDate(Termination_Date,'dd/MMMM/yyyy'),toDate(Termination_Date,'yyyy/MMMM/dd'),toDate(Termination_Date,'yyyy/dd/MMMM'),\r\ntoDate(Termination_Date,'yyyyddMMMM'),toDate(Termination_Date,'yyyyMMMMdd'),toDate(Termination_Date,'ddMMMMyyyy'),toDate(Termination_Date,'MMMMddyyyy'),\r\ntoDate(Termination_Date,'yyyy-MMMM-dd'),toDate(Termination_Date,'yyyy-dd-MMMM'),\r\ntoDate(Termination_Date,'MM/dd/yy'),toDate(Termination_Date,'dd/MM/yy'),toDate(Termination_Date,'yy/MM/dd'),toDate(Termination_Date,'yy/dd/MM'),\r\ntoDate(Termination_Date,'yyddMM'),toDate(Termination_Date,'yyMMdd'),toDate(Termination_Date,'ddMMyy'),toDate(Termination_Date,'MMddyy'),\r\ntoDate(Termination_Date,'yy-MM-dd'),toDate(Termination_Date,'yy-dd-MM'),\r\ntoDate(Termination_Date,'MMM/dd/yy'),toDate(Termination_Date,'dd/MMM/yy'),toDate(Termination_Date,'yy/MMM/dd'),toDate(Termination_Date,'yy/dd/MMM'),\r\ntoDate(Termination_Date,'yyddMMM'),toDate(Termination_Date,'yyMMMdd'),toDate(Termination_Date,'ddMMMyy'),toDate(Termination_Date,'MMMddyy'),\r\ntoDate(Termination_Date,'yy-MMM-dd'),toDate(Termination_Date,'yy-dd-MMM'),\r\ntoDate(Termination_Date,'MMMM/dd/yy'),toDate(Termination_Date,'dd/MMMM/yy'),toDate(Termination_Date,'yy/MMMM/dd'),toDate(Termination_Date,'yy/dd/MMMM'),\r\ntoDate(Termination_Date,'yyddMMMM'),toDate(Termination_Date,'yyMMMMdd'),toDate(Termination_Date,'ddMMMMyy'),toDate(Termination_Date,'MMMMddyy'),\r\ntoDate(Termination_Date,'yy-MMMM-dd'),toDate(Termination_Date,'yy-dd-MMMM')),\n\t\tRehire_Date = coalesce(toDate(Rehire_Date,'MM/dd/yyyy'),toDate(Rehire_Date,'dd/MM/yyyy'),toDate(Rehire_Date,'yyyy/MM/dd'),toDate(Rehire_Date,'yyyy/dd/MM'),\r\ntoDate(Rehire_Date,'yyyyddMM'),toDate(Rehire_Date,'yyyyMMdd'),toDate(Rehire_Date,'ddMMyyyy'),toDate(Rehire_Date,'MMddyyyy'),\r\ntoDate(Rehire_Date,'yyyy-MM-dd'),toDate(Rehire_Date,'yyyy-dd-MM'),toDate(Rehire_Date,'MM-dd-yyyy'),toDate(Rehire_Date,'dd-MM-yyyy'),\r\ntoDate(Rehire_Date,'MMM/dd/yyyy'),toDate(Rehire_Date,'dd/MMM/yyyy'),toDate(Rehire_Date,'yyyy/MMM/dd'),toDate(Rehire_Date,'yyyy/dd/MMM'),\r\ntoDate(Rehire_Date,'yyyyddMMM'),toDate(Rehire_Date,'yyyyMMMdd'),toDate(Rehire_Date,'ddMMMyyyy'),toDate(Rehire_Date,'MMMddyyyy'),\r\ntoDate(Rehire_Date,'yyyy-MMM-dd'),toDate(Rehire_Date,'yyyy-dd-MMM'),toDate(Rehire_Date,'MMM-dd-yyyy'),toDate(Rehire_Date,'dd-MMM-yyyy'),\r\ntoDate(Rehire_Date,'MMMM/dd/yyyy'),toDate(Rehire_Date,'dd/MMMM/yyyy'),toDate(Rehire_Date,'yyyy/MMMM/dd'),toDate(Rehire_Date,'yyyy/dd/MMMM'),\r\ntoDate(Rehire_Date,'yyyyddMMMM'),toDate(Rehire_Date,'yyyyMMMMdd'),toDate(Rehire_Date,'ddMMMMyyyy'),toDate(Rehire_Date,'MMMMddyyyy'),\r\ntoDate(Rehire_Date,'yyyy-MMMM-dd'),toDate(Rehire_Date,'yyyy-dd-MMMM'),\r\ntoDate(Rehire_Date,'MM/dd/yy'),toDate(Rehire_Date,'dd/MM/yy'),toDate(Rehire_Date,'yy/MM/dd'),toDate(Rehire_Date,'yy/dd/MM'),\r\ntoDate(Rehire_Date,'yyddMM'),toDate(Rehire_Date,'yyMMdd'),toDate(Rehire_Date,'ddMMyy'),toDate(Rehire_Date,'MMddyy'),\r\ntoDate(Rehire_Date,'yy-MM-dd'),toDate(Rehire_Date,'yy-dd-MM'),\r\ntoDate(Rehire_Date,'MMM/dd/yy'),toDate(Rehire_Date,'dd/MMM/yy'),toDate(Rehire_Date,'yy/MMM/dd'),toDate(Rehire_Date,'yy/dd/MMM'),\r\ntoDate(Rehire_Date,'yyddMMM'),toDate(Rehire_Date,'yyMMMdd'),toDate(Rehire_Date,'ddMMMyy'),toDate(Rehire_Date,'MMMddyy'),\r\ntoDate(Rehire_Date,'yy-MMM-dd'),toDate(Rehire_Date,'yy-dd-MMM'),\r\ntoDate(Rehire_Date,'MMMM/dd/yy'),toDate(Rehire_Date,'dd/MMMM/yy'),toDate(Rehire_Date,'yy/MMMM/dd'),toDate(Rehire_Date,'yy/dd/MMMM'),\r\ntoDate(Rehire_Date,'yyddMMMM'),toDate(Rehire_Date,'yyMMMMdd'),toDate(Rehire_Date,'ddMMMMyy'),toDate(Rehire_Date,'MMMMddyy'),\r\ntoDate(Rehire_Date,'yy-MMMM-dd'),toDate(Rehire_Date,'yy-dd-MMMM')),\n\t\tPayroll_End_Date = coalesce(toDate(Payroll_End_Date,'MM/dd/yyyy'),toDate(Payroll_End_Date,'dd/MM/yyyy'),toDate(Payroll_End_Date,'yyyy/MM/dd'),toDate(Payroll_End_Date,'yyyy/dd/MM'),\r\ntoDate(Payroll_End_Date,'yyyyddMM'),toDate(Payroll_End_Date,'yyyyMMdd'),toDate(Payroll_End_Date,'ddMMyyyy'),toDate(Payroll_End_Date,'MMddyyyy'),\r\ntoDate(Payroll_End_Date,'yyyy-MM-dd'),toDate(Payroll_End_Date,'yyyy-dd-MM'),toDate(Payroll_End_Date,'MM-dd-yyyy'),toDate(Payroll_End_Date,'dd-MM-yyyy'),\r\ntoDate(Payroll_End_Date,'MMM/dd/yyyy'),toDate(Payroll_End_Date,'dd/MMM/yyyy'),toDate(Payroll_End_Date,'yyyy/MMM/dd'),toDate(Payroll_End_Date,'yyyy/dd/MMM'),\r\ntoDate(Payroll_End_Date,'yyyyddMMM'),toDate(Payroll_End_Date,'yyyyMMMdd'),toDate(Payroll_End_Date,'ddMMMyyyy'),toDate(Payroll_End_Date,'MMMddyyyy'),\r\ntoDate(Payroll_End_Date,'yyyy-MMM-dd'),toDate(Payroll_End_Date,'yyyy-dd-MMM'),toDate(Payroll_End_Date,'MMM-dd-yyyy'),toDate(Payroll_End_Date,'dd-MMM-yyyy'),\r\ntoDate(Payroll_End_Date,'MMMM/dd/yyyy'),toDate(Payroll_End_Date,'dd/MMMM/yyyy'),toDate(Payroll_End_Date,'yyyy/MMMM/dd'),toDate(Payroll_End_Date,'yyyy/dd/MMMM'),\r\ntoDate(Payroll_End_Date,'yyyyddMMMM'),toDate(Payroll_End_Date,'yyyyMMMMdd'),toDate(Payroll_End_Date,'ddMMMMyyyy'),toDate(Payroll_End_Date,'MMMMddyyyy'),\r\ntoDate(Payroll_End_Date,'yyyy-MMMM-dd'),toDate(Payroll_End_Date,'yyyy-dd-MMMM'),\r\ntoDate(Payroll_End_Date,'MM/dd/yy'),toDate(Payroll_End_Date,'dd/MM/yy'),toDate(Payroll_End_Date,'yy/MM/dd'),toDate(Payroll_End_Date,'yy/dd/MM'),\r\ntoDate(Payroll_End_Date,'yyddMM'),toDate(Payroll_End_Date,'yyMMdd'),toDate(Payroll_End_Date,'ddMMyy'),toDate(Payroll_End_Date,'MMddyy'),\r\ntoDate(Payroll_End_Date,'yy-MM-dd'),toDate(Payroll_End_Date,'yy-dd-MM'),\r\ntoDate(Payroll_End_Date,'MMM/dd/yy'),toDate(Payroll_End_Date,'dd/MMM/yy'),toDate(Payroll_End_Date,'yy/MMM/dd'),toDate(Payroll_End_Date,'yy/dd/MMM'),\r\ntoDate(Payroll_End_Date,'yyddMMM'),toDate(Payroll_End_Date,'yyMMMdd'),toDate(Payroll_End_Date,'ddMMMyy'),toDate(Payroll_End_Date,'MMMddyy'),\r\ntoDate(Payroll_End_Date,'yy-MMM-dd'),toDate(Payroll_End_Date,'yy-dd-MMM'),\r\ntoDate(Payroll_End_Date,'MMMM/dd/yy'),toDate(Payroll_End_Date,'dd/MMMM/yy'),toDate(Payroll_End_Date,'yy/MMMM/dd'),toDate(Payroll_End_Date,'yy/dd/MMMM'),\r\ntoDate(Payroll_End_Date,'yyddMMMM'),toDate(Payroll_End_Date,'yyMMMMdd'),toDate(Payroll_End_Date,'ddMMMMyy'),toDate(Payroll_End_Date,'MMMMddyy'),\r\ntoDate(Payroll_End_Date,'yy-MMMM-dd'),toDate(Payroll_End_Date,'yy-dd-MMMM')),\n\t\tRecord_Level_2_Payroll_Date = coalesce(toDate(Record_Level_2_Payroll_Date,'MM/dd/yyyy'),toDate(Record_Level_2_Payroll_Date,'dd/MM/yyyy'),toDate(Record_Level_2_Payroll_Date,'yyyy/MM/dd'),toDate(Record_Level_2_Payroll_Date,'yyyy/dd/MM'),\r\ntoDate(Record_Level_2_Payroll_Date,'yyyyddMM'),toDate(Record_Level_2_Payroll_Date,'yyyyMMdd'),toDate(Record_Level_2_Payroll_Date,'ddMMyyyy'),toDate(Record_Level_2_Payroll_Date,'MMddyyyy'),\r\ntoDate(Record_Level_2_Payroll_Date,'yyyy-MM-dd'),toDate(Record_Level_2_Payroll_Date,'yyyy-dd-MM'),toDate(Record_Level_2_Payroll_Date,'MM-dd-yyyy'),toDate(Record_Level_2_Payroll_Date,'dd-MM-yyyy'),\r\ntoDate(Record_Level_2_Payroll_Date,'MMM/dd/yyyy'),toDate(Record_Level_2_Payroll_Date,'dd/MMM/yyyy'),toDate(Record_Level_2_Payroll_Date,'yyyy/MMM/dd'),toDate(Record_Level_2_Payroll_Date,'yyyy/dd/MMM'),\r\ntoDate(Record_Level_2_Payroll_Date,'yyyyddMMM'),toDate(Record_Level_2_Payroll_Date,'yyyyMMMdd'),toDate(Record_Level_2_Payroll_Date,'ddMMMyyyy'),toDate(Record_Level_2_Payroll_Date,'MMMddyyyy'),\r\ntoDate(Record_Level_2_Payroll_Date,'yyyy-MMM-dd'),toDate(Record_Level_2_Payroll_Date,'yyyy-dd-MMM'),toDate(Record_Level_2_Payroll_Date,'MMM-dd-yyyy'),toDate(Record_Level_2_Payroll_Date,'dd-MMM-yyyy'),\r\ntoDate(Record_Level_2_Payroll_Date,'MMMM/dd/yyyy'),toDate(Record_Level_2_Payroll_Date,'dd/MMMM/yyyy'),toDate(Record_Level_2_Payroll_Date,'yyyy/MMMM/dd'),toDate(Record_Level_2_Payroll_Date,'yyyy/dd/MMMM'),\r\ntoDate(Record_Level_2_Payroll_Date,'yyyyddMMMM'),toDate(Record_Level_2_Payroll_Date,'yyyyMMMMdd'),toDate(Record_Level_2_Payroll_Date,'ddMMMMyyyy'),toDate(Record_Level_2_Payroll_Date,'MMMMddyyyy'),\r\ntoDate(Record_Level_2_Payroll_Date,'yyyy-MMMM-dd'),toDate(Record_Level_2_Payroll_Date,'yyyy-dd-MMMM'),\r\ntoDate(Record_Level_2_Payroll_Date,'MM/dd/yy'),toDate(Record_Level_2_Payroll_Date,'dd/MM/yy'),toDate(Record_Level_2_Payroll_Date,'yy/MM/dd'),toDate(Record_Level_2_Payroll_Date,'yy/dd/MM'),\r\ntoDate(Record_Level_2_Payroll_Date,'yyddMM'),toDate(Record_Level_2_Payroll_Date,'yyMMdd'),toDate(Record_Level_2_Payroll_Date,'ddMMyy'),toDate(Record_Level_2_Payroll_Date,'MMddyy'),\r\ntoDate(Record_Level_2_Payroll_Date,'yy-MM-dd'),toDate(Record_Level_2_Payroll_Date,'yy-dd-MM'),\r\ntoDate(Record_Level_2_Payroll_Date,'MMM/dd/yy'),toDate(Record_Level_2_Payroll_Date,'dd/MMM/yy'),toDate(Record_Level_2_Payroll_Date,'yy/MMM/dd'),toDate(Record_Level_2_Payroll_Date,'yy/dd/MMM'),\r\ntoDate(Record_Level_2_Payroll_Date,'yyddMMM'),toDate(Record_Level_2_Payroll_Date,'yyMMMdd'),toDate(Record_Level_2_Payroll_Date,'ddMMMyy'),toDate(Record_Level_2_Payroll_Date,'MMMddyy'),\r\ntoDate(Record_Level_2_Payroll_Date,'yy-MMM-dd'),toDate(Record_Level_2_Payroll_Date,'yy-dd-MMM'),\r\ntoDate(Record_Level_2_Payroll_Date,'MMMM/dd/yy'),toDate(Record_Level_2_Payroll_Date,'dd/MMMM/yy'),toDate(Record_Level_2_Payroll_Date,'yy/MMMM/dd'),toDate(Record_Level_2_Payroll_Date,'yy/dd/MMMM'),\r\ntoDate(Record_Level_2_Payroll_Date,'yyddMMMM'),toDate(Record_Level_2_Payroll_Date,'yyMMMMdd'),toDate(Record_Level_2_Payroll_Date,'ddMMMMyy'),toDate(Record_Level_2_Payroll_Date,'MMMMddyy'),\r\ntoDate(Record_Level_2_Payroll_Date,'yy-MMMM-dd'),toDate(Record_Level_2_Payroll_Date,'yy-dd-MMMM'))) ~> DerivedColumnDates\nDerivedColumnDates, GenderEnumeration join(trim(upper(Gender)) == trim(upper(Actual_value)),\n\tjoinType:'left',\n\tbroadcast: 'auto')~> GenderEnumerationJoin\nGenderEnumerationJoin derive(Gender = iif(isNull(Actual_value), Gender, Proposed_Value)) ~> GenderCombine\nGenderCombine select(mapColumn(\n\t\tLanding_Contribution_Data_ID,\n\t\tFile_received_ID,\n\t\tInbound_File_Setup_ID,\n\t\tPaylocity_Company_Code,\n\t\tCheck_Date,\n\t\tSSN,\n\t\tFirst_Name,\n\t\tMiddle_Name,\n\t\tLast_Name,\n\t\tTitle,\n\t\tEmployee_ID,\n\t\tGender,\n\t\tEmployee_Status,\n\t\tMarital_Status,\n\t\tDivision_Code,\n\t\tUnion_Status,\n\t\tAddress_1,\n\t\tAddress_2,\n\t\tCity,\n\t\tState,\n\t\tZip,\n\t\tBirth_Date,\n\t\tHire_Date,\n\t\tTermination_Date,\n\t\tRehire_Date,\n\t\tGross_Earnings,\n\t\tPay_Period_Hours,\n\t\tEmployee_Deferral,\n\t\tEmployee_Roth,\n\t\tLoan_Payments,\n\t\tEmployee_After_Tax,\n\t\tEmployer_Match,\n\t\tSafe_Harbor_Match,\n\t\tSafe_Harbor_Non_Elective,\n\t\tQualified_Matching_Contribution,\n\t\tQualified_Non_Elective_Contribution,\n\t\tProfit_Sharing,\n\t\tMoney_Purchase,\n\t\tPay_Frequency,\n\t\tEmail,\n\t\tPhone_Number,\n\t\tPay_Type,\n\t\tAdjusted_Seniority_Date,\n\t\tLeave_Of_Absence_Begin_Date,\n\t\tLeave_Of_Absence_End_Date,\n\t\tPayroll_Begin_Date,\n\t\tPayroll_End_Date,\n\t\tCost_Center_1_Code,\n\t\tCost_Center_2_Code,\n\t\tCost_Center_3_Code,\n\t\tPlan_Earnings,\n\t\tExcluded_Earnings,\n\t\tSection_125,\n\t\tLoan_Additional_Principal_Payments,\n\t\tLoan_Number,\n\t\tRollover,\n\t\tRollover_Roth,\n\t\tYTD_Gross_Earnings,\n\t\tPlan_YTD_Earnings,\n\t\tPlan_YTD_Hours,\n\t\tPlan_YTD_Excluded_Earnings,\n\t\tPlan_YTD_Section_125,\n\t\tPlan_YTD_Employee_Deferral,\n\t\tPlan_YTD_Employee_Roth,\n\t\tPlan_YTD_Employee_After_Tax,\n\t\tPlan_YTD_Loan_Payments,\n\t\tPlan_YTD_Loan_Number,\n\t\tPlan_YTD_Employer_Match,\n\t\tPlan_YTD_Safe_Harbor_Match,\n\t\tPlan_YTD_Qualified_Matching_Contribution,\n\t\tPlan_YTD_Safe_Harbor_Non_Elective,\n\t\tPlan_YTD_Qualified_Non_Elective_Contribution,\n\t\tPlan_YTD_Profit_Sharing,\n\t\tPlan_YTD_Money_Purchase,\n\t\tPlan_YTD_Rollover,\n\t\tPlan_YTD_Rollover_Roth,\n\t\tPlan_ID,\n\t\tPlan_Name,\n\t\tInvestment_Election,\n\t\tInvestment_Change_Date,\n\t\tRecipient_Vendor_Plan_ID,\n\t\tDetail,\n\t\tEmployer_EIN,\n\t\tEmployer_Name,\n\t\tEmployer_Plan_ID,\n\t\tEmployer_Sub_Plan_ID,\n\t\tOriginating_Vendor_ID,\n\t\tOriginating_Vendor_Sub_Plan_ID,\n\t\tRecipient_Vendor_Sub_Plan_ID,\n\t\tType_of_Account,\n\t\tHR_Area_Or_Location_Code,\n\t\tHR_Sub_Area,\n\t\tAdjusted_Date_of_Hire,\n\t\tPayroll_Mode,\n\t\tContribution_Source_Code_1,\n\t\tContribution_Source_Amount_1,\n\t\tContribution_Source_Code_2,\n\t\tContribution_Source_Amount_2,\n\t\tContribution_Source_Code_3,\n\t\tContribution_Source_Amount_3,\n\t\tContribution_Source_Code_4,\n\t\tContribution_Source_Amount_4,\n\t\tContribution_Source_Code_5,\n\t\tContribution_Source_Amount_5,\n\t\tContribution_Source_Code_6,\n\t\tContribution_Source_Amount_6,\n\t\tContribution_Source_Code_7,\n\t\tContribution_Source_Amount_7,\n\t\tContribution_Source_Code_8,\n\t\tContribution_Source_Amount_8,\n\t\tFinal_Contribution_Indicator,\n\t\tLoan_Number_1,\n\t\tLoan_Repayment_Amount_1,\n\t\tLoan_Number_2,\n\t\tLoan_Repayment_Amout_2,\n\t\tLoan_Number_3,\n\t\tLoan_Repayment_Amount_3,\n\t\tLoan_Number_4,\n\t\tLoan_Repayment_Amount_4,\n\t\tLoan_Number_5,\n\t\tLoan_Repayment_Amount_5,\n\t\tOMNI_Field_52,\n\t\tOMNI_Field_53,\n\t\tOMNI_Field_54,\n\t\tOMNI_Field_55,\n\t\tOMNI_Field_56,\n\t\tOMNI_Field_57,\n\t\tOMNI_Field_58,\n\t\tOMNI_Field_59,\n\t\tOMNI_Field_60,\n\t\tOMNI_Field_61,\n\t\tOMNI_Field_62,\n\t\tOMNI_Field_63,\n\t\tOMNI_Field_64,\n\t\tOMNI_Field_65,\n\t\tOMNI_Field_66,\n\t\tOMNI_Field_67,\n\t\tRecord_Level_1,\n\t\tRecord_Level_1_Vendor,\n\t\tRecord_Level_1_File_Release_Time,\n\t\tRecord_Level_1_Total_Amount_in_File,\n\t\tRecord_Level_1_Number_of_Contributions,\n\t\tRecord_Level_1_Datetime,\n\t\tRecord_Level_1_Number_of_Participants,\n\t\tRecord_Level_2,\n\t\tRecord_Level_2_Plan_Name,\n\t\tRecord_Level_2_Remitter_Plan_Code,\n\t\tRecord_Level_2_Column_D,\n\t\tRecord_Level_2_Column_E,\n\t\tRecord_Level_2_Payroll_Date,\n\t\tRecord_Level_2_Total_Amount_in_Plan,\n\t\tRecord_Level_2_Number_of_Participants,\n\t\tRecord_Level_3,\n\t\tRecord_Level_3_SSN,\n\t\tRecord_Level_3_Last_Name,\n\t\tRecord_Level_3_First_Name,\n\t\tRecord_Level_3_Remitter_Plan_Code,\n\t\tRecord_Level_3_Remittance_Type,\n\t\tRecord_Level_3_Source_Code,\n\t\tRecord_Level_3_Number_of_Participants,\n\t\tRecord_Level_3_Column_I,\n\t\tRecord_Level_3_Amount,\n\t\tRecord_Level_4,\n\t\tRecord_Level_4_Plan_Name,\n\t\tRecord_Level_4_Remitter_Plan_Code,\n\t\tRecord_Level_4_Column_D,\n\t\tRecord_Level_4_Column_E,\n\t\tRecord_Level_4_Payroll_Date,\n\t\tRecord_Level_4_Total_Amount_in_Plan,\n\t\tRecord_Level_4_Number_of_Participants,\n\t\tRecord_Level_5,\n\t\tRecord_Level_5_Vendor,\n\t\tRecord_Level_5_File_Release_Time,\n\t\tRecord_Level_5_Total_Amount_in_File,\n\t\tRecord_Level_5_Number_of_Contributions,\n\t\tRecord_Level_5_Datetime,\n\t\tRecord_Level_5_Number_of_Participants,\n\t\tRemittance_Type,\n\t\tContribution_Rate,\n\t\tLoan_Balance,\n\t\tComments,\n\t\tHeader_Column_1,\n\t\tHeader_Column_2,\n\t\tHeader_Column_3,\n\t\tHeader_Column_4,\n\t\tHeader_Column_5,\n\t\tHeader_Column_6,\n\t\tHeader_Column_7,\n\t\tHeader_Column_8,\n\t\tHeader_Column_9,\n\t\tHeader_Column_10,\n\t\tFooter_Column_1,\n\t\tFooter_Column_2,\n\t\tFooter_Column_3,\n\t\tFooter_Column_4,\n\t\tFooter_Column_5,\n\t\tFooter_Column_6,\n\t\tFooter_Column_7,\n\t\tFooter_Column_8,\n\t\tFooter_Column_9,\n\t\tFooter_Column_10,\n\t\tOMNI_Field_50,\n\t\tOMNI_Field_51,\n\t\tPAYLOCITY_Field_71,\n\t\tPAYLOCITY_Field_72,\n\t\tPAYLOCITY_Field_73,\n\t\tPAYLOCITY_Field_74,\n\t\tStatus\n\t),\n\tskipDuplicateMapInputs: false,\n\tskipDuplicateMapOutputs: false) ~> GenderSpecificSelect\nGenderSpecificSelect, MaritalStatusEnumeration join(trim(upper(Marital_Status)) == trim(upper(Actual_value)),\n\tjoinType:'left',\n\tbroadcast: 'auto')~> MaritalStatusEnumerationJoin\nMaritalStatusEnumerationJoin derive(Marital_Status = iif(isNull(Actual_value), Marital_Status, Proposed_Value)) ~> MaritalStatusCombine\nMaritalStatusCombine select(mapColumn(\n\t\tLanding_Contribution_Data_ID,\n\t\tFile_received_ID,\n\t\tInbound_File_Setup_ID,\n\t\tPaylocity_Company_Code,\n\t\tCheck_Date,\n\t\tSSN,\n\t\tFirst_Name,\n\t\tMiddle_Name,\n\t\tLast_Name,\n\t\tTitle,\n\t\tEmployee_ID,\n\t\tGender,\n\t\tEmployee_Status,\n\t\tMarital_Status,\n\t\tDivision_Code,\n\t\tUnion_Status,\n\t\tAddress_1,\n\t\tAddress_2,\n\t\tCity,\n\t\tState,\n\t\tZip,\n\t\tBirth_Date,\n\t\tHire_Date,\n\t\tTermination_Date,\n\t\tRehire_Date,\n\t\tGross_Earnings,\n\t\tPay_Period_Hours,\n\t\tEmployee_Deferral,\n\t\tEmployee_Roth,\n\t\tLoan_Payments,\n\t\tEmployee_After_Tax,\n\t\tEmployer_Match,\n\t\tSafe_Harbor_Match,\n\t\tSafe_Harbor_Non_Elective,\n\t\tQualified_Matching_Contribution,\n\t\tQualified_Non_Elective_Contribution,\n\t\tProfit_Sharing,\n\t\tMoney_Purchase,\n\t\tPay_Frequency,\n\t\tEmail,\n\t\tPhone_Number,\n\t\tPay_Type,\n\t\tAdjusted_Seniority_Date,\n\t\tLeave_Of_Absence_Begin_Date,\n\t\tLeave_Of_Absence_End_Date,\n\t\tPayroll_Begin_Date,\n\t\tPayroll_End_Date,\n\t\tCost_Center_1_Code,\n\t\tCost_Center_2_Code,\n\t\tCost_Center_3_Code,\n\t\tPlan_Earnings,\n\t\tExcluded_Earnings,\n\t\tSection_125,\n\t\tLoan_Additional_Principal_Payments,\n\t\tLoan_Number,\n\t\tRollover,\n\t\tRollover_Roth,\n\t\tYTD_Gross_Earnings,\n\t\tPlan_YTD_Earnings,\n\t\tPlan_YTD_Hours,\n\t\tPlan_YTD_Excluded_Earnings,\n\t\tPlan_YTD_Section_125,\n\t\tPlan_YTD_Employee_Deferral,\n\t\tPlan_YTD_Employee_Roth,\n\t\tPlan_YTD_Employee_After_Tax,\n\t\tPlan_YTD_Loan_Payments,\n\t\tPlan_YTD_Loan_Number,\n\t\tPlan_YTD_Employer_Match,\n\t\tPlan_YTD_Safe_Harbor_Match,\n\t\tPlan_YTD_Qualified_Matching_Contribution,\n\t\tPlan_YTD_Safe_Harbor_Non_Elective,\n\t\tPlan_YTD_Qualified_Non_Elective_Contribution,\n\t\tPlan_YTD_Profit_Sharing,\n\t\tPlan_YTD_Money_Purchase,\n\t\tPlan_YTD_Rollover,\n\t\tPlan_YTD_Rollover_Roth,\n\t\tPlan_ID,\n\t\tPlan_Name,\n\t\tInvestment_Election,\n\t\tInvestment_Change_Date,\n\t\tRecipient_Vendor_Plan_ID,\n\t\tDetail,\n\t\tEmployer_EIN,\n\t\tEmployer_Name,\n\t\tEmployer_Plan_ID,\n\t\tEmployer_Sub_Plan_ID,\n\t\tOriginating_Vendor_ID,\n\t\tOriginating_Vendor_Sub_Plan_ID,\n\t\tRecipient_Vendor_Sub_Plan_ID,\n\t\tType_of_Account,\n\t\tHR_Area_Or_Location_Code,\n\t\tHR_Sub_Area,\n\t\tAdjusted_Date_of_Hire,\n\t\tPayroll_Mode,\n\t\tContribution_Source_Code_1,\n\t\tContribution_Source_Amount_1,\n\t\tContribution_Source_Code_2,\n\t\tContribution_Source_Amount_2,\n\t\tContribution_Source_Code_3,\n\t\tContribution_Source_Amount_3,\n\t\tContribution_Source_Code_4,\n\t\tContribution_Source_Amount_4,\n\t\tContribution_Source_Code_5,\n\t\tContribution_Source_Amount_5,\n\t\tContribution_Source_Code_6,\n\t\tContribution_Source_Amount_6,\n\t\tContribution_Source_Code_7,\n\t\tContribution_Source_Amount_7,\n\t\tContribution_Source_Code_8,\n\t\tContribution_Source_Amount_8,\n\t\tFinal_Contribution_Indicator,\n\t\tLoan_Number_1,\n\t\tLoan_Repayment_Amount_1,\n\t\tLoan_Number_2,\n\t\tLoan_Repayment_Amout_2,\n\t\tLoan_Number_3,\n\t\tLoan_Repayment_Amount_3,\n\t\tLoan_Number_4,\n\t\tLoan_Repayment_Amount_4,\n\t\tLoan_Number_5,\n\t\tLoan_Repayment_Amount_5,\n\t\tOMNI_Field_52,\n\t\tOMNI_Field_53,\n\t\tOMNI_Field_54,\n\t\tOMNI_Field_55,\n\t\tOMNI_Field_56,\n\t\tOMNI_Field_57,\n\t\tOMNI_Field_58,\n\t\tOMNI_Field_59,\n\t\tOMNI_Field_60,\n\t\tOMNI_Field_61,\n\t\tOMNI_Field_62,\n\t\tOMNI_Field_63,\n\t\tOMNI_Field_64,\n\t\tOMNI_Field_65,\n\t\tOMNI_Field_66,\n\t\tOMNI_Field_67,\n\t\tRecord_Level_1,\n\t\tRecord_Level_1_Vendor,\n\t\tRecord_Level_1_File_Release_Time,\n\t\tRecord_Level_1_Total_Amount_in_File,\n\t\tRecord_Level_1_Number_of_Contributions,\n\t\tRecord_Level_1_Datetime,\n\t\tRecord_Level_1_Number_of_Participants,\n\t\tRecord_Level_2,\n\t\tRecord_Level_2_Plan_Name,\n\t\tRecord_Level_2_Remitter_Plan_Code,\n\t\tRecord_Level_2_Column_D,\n\t\tRecord_Level_2_Column_E,\n\t\tRecord_Level_2_Payroll_Date,\n\t\tRecord_Level_2_Total_Amount_in_Plan,\n\t\tRecord_Level_2_Number_of_Participants,\n\t\tRecord_Level_3,\n\t\tRecord_Level_3_SSN,\n\t\tRecord_Level_3_Last_Name,\n\t\tRecord_Level_3_First_Name,\n\t\tRecord_Level_3_Remitter_Plan_Code,\n\t\tRecord_Level_3_Remittance_Type,\n\t\tRecord_Level_3_Source_Code,\n\t\tRecord_Level_3_Number_of_Participants,\n\t\tRecord_Level_3_Column_I,\n\t\tRecord_Level_3_Amount,\n\t\tRecord_Level_4,\n\t\tRecord_Level_4_Plan_Name,\n\t\tRecord_Level_4_Remitter_Plan_Code,\n\t\tRecord_Level_4_Column_D,\n\t\tRecord_Level_4_Column_E,\n\t\tRecord_Level_4_Payroll_Date,\n\t\tRecord_Level_4_Total_Amount_in_Plan,\n\t\tRecord_Level_4_Number_of_Participants,\n\t\tRecord_Level_5,\n\t\tRecord_Level_5_Vendor,\n\t\tRecord_Level_5_File_Release_Time,\n\t\tRecord_Level_5_Total_Amount_in_File,\n\t\tRecord_Level_5_Number_of_Contributions,\n\t\tRecord_Level_5_Datetime,\n\t\tRecord_Level_5_Number_of_Participants,\n\t\tRemittance_Type,\n\t\tContribution_Rate,\n\t\tLoan_Balance,\n\t\tComments,\n\t\tHeader_Column_1,\n\t\tHeader_Column_2,\n\t\tHeader_Column_3,\n\t\tHeader_Column_4,\n\t\tHeader_Column_5,\n\t\tHeader_Column_6,\n\t\tHeader_Column_7,\n\t\tHeader_Column_8,\n\t\tHeader_Column_9,\n\t\tHeader_Column_10,\n\t\tFooter_Column_1,\n\t\tFooter_Column_2,\n\t\tFooter_Column_3,\n\t\tFooter_Column_4,\n\t\tFooter_Column_5,\n\t\tFooter_Column_6,\n\t\tFooter_Column_7,\n\t\tFooter_Column_8,\n\t\tFooter_Column_9,\n\t\tFooter_Column_10,\n\t\tOMNI_Field_50,\n\t\tOMNI_Field_51,\n\t\tPAYLOCITY_Field_71,\n\t\tPAYLOCITY_Field_72,\n\t\tPAYLOCITY_Field_73,\n\t\tPAYLOCITY_Field_74,\n\t\tStatus\n\t),\n\tskipDuplicateMapInputs: true,\n\tskipDuplicateMapOutputs: true) ~> MaritalStatusSpecificSelect\nMaritalStatusSpecificSelect, PayFrequencyEnumeration join(trim(upper(Pay_Frequency)) == trim(upper(Actual_value)),\n\tjoinType:'left',\n\tbroadcast: 'auto')~> PayFrequencyEnumerationJoin\nPayFrequencyEnumerationJoin derive(Pay_Frequency = iif(isNull(Actual_value), Pay_Frequency, Proposed_Value)) ~> PayFrequencycombine\nPayFrequencycombine select(mapColumn(\n\t\tLanding_Contribution_Data_ID,\n\t\tFile_received_ID,\n\t\tInbound_File_Setup_ID,\n\t\tPaylocity_Company_Code,\n\t\tCheck_Date,\n\t\tSSN,\n\t\tFirst_Name,\n\t\tMiddle_Name,\n\t\tLast_Name,\n\t\tTitle,\n\t\tEmployee_ID,\n\t\tGender,\n\t\tEmployee_Status,\n\t\tMarital_Status,\n\t\tDivision_Code,\n\t\tUnion_Status,\n\t\tAddress_1,\n\t\tAddress_2,\n\t\tCity,\n\t\tState,\n\t\tZip,\n\t\tBirth_Date,\n\t\tHire_Date,\n\t\tTermination_Date,\n\t\tRehire_Date,\n\t\tGross_Earnings,\n\t\tPay_Period_Hours,\n\t\tEmployee_Deferral,\n\t\tEmployee_Roth,\n\t\tLoan_Payments,\n\t\tEmployee_After_Tax,\n\t\tEmployer_Match,\n\t\tSafe_Harbor_Match,\n\t\tSafe_Harbor_Non_Elective,\n\t\tQualified_Matching_Contribution,\n\t\tQualified_Non_Elective_Contribution,\n\t\tProfit_Sharing,\n\t\tMoney_Purchase,\n\t\tPay_Frequency,\n\t\tEmail,\n\t\tPhone_Number,\n\t\tPay_Type,\n\t\tAdjusted_Seniority_Date,\n\t\tLeave_Of_Absence_Begin_Date,\n\t\tLeave_Of_Absence_End_Date,\n\t\tPayroll_Begin_Date,\n\t\tPayroll_End_Date,\n\t\tCost_Center_1_Code,\n\t\tCost_Center_2_Code,\n\t\tCost_Center_3_Code,\n\t\tPlan_Earnings,\n\t\tExcluded_Earnings,\n\t\tSection_125,\n\t\tLoan_Additional_Principal_Payments,\n\t\tLoan_Number,\n\t\tRollover,\n\t\tRollover_Roth,\n\t\tYTD_Gross_Earnings,\n\t\tPlan_YTD_Earnings,\n\t\tPlan_YTD_Hours,\n\t\tPlan_YTD_Excluded_Earnings,\n\t\tPlan_YTD_Section_125,\n\t\tPlan_YTD_Employee_Deferral,\n\t\tPlan_YTD_Employee_Roth,\n\t\tPlan_YTD_Employee_After_Tax,\n\t\tPlan_YTD_Loan_Payments,\n\t\tPlan_YTD_Loan_Number,\n\t\tPlan_YTD_Employer_Match,\n\t\tPlan_YTD_Safe_Harbor_Match,\n\t\tPlan_YTD_Qualified_Matching_Contribution,\n\t\tPlan_YTD_Safe_Harbor_Non_Elective,\n\t\tPlan_YTD_Qualified_Non_Elective_Contribution,\n\t\tPlan_YTD_Profit_Sharing,\n\t\tPlan_YTD_Money_Purchase,\n\t\tPlan_YTD_Rollover,\n\t\tPlan_YTD_Rollover_Roth,\n\t\tPlan_ID,\n\t\tPlan_Name,\n\t\tInvestment_Election,\n\t\tInvestment_Change_Date,\n\t\tRecipient_Vendor_Plan_ID,\n\t\tDetail,\n\t\tEmployer_EIN,\n\t\tEmployer_Name,\n\t\tEmployer_Plan_ID,\n\t\tEmployer_Sub_Plan_ID,\n\t\tOriginating_Vendor_ID,\n\t\tOriginating_Vendor_Sub_Plan_ID,\n\t\tRecipient_Vendor_Sub_Plan_ID,\n\t\tType_of_Account,\n\t\tHR_Area_Or_Location_Code,\n\t\tHR_Sub_Area,\n\t\tAdjusted_Date_of_Hire,\n\t\tPayroll_Mode,\n\t\tContribution_Source_Code_1,\n\t\tContribution_Source_Amount_1,\n\t\tContribution_Source_Code_2,\n\t\tContribution_Source_Amount_2,\n\t\tContribution_Source_Code_3,\n\t\tContribution_Source_Amount_3,\n\t\tContribution_Source_Code_4,\n\t\tContribution_Source_Amount_4,\n\t\tContribution_Source_Code_5,\n\t\tContribution_Source_Amount_5,\n\t\tContribution_Source_Code_6,\n\t\tContribution_Source_Amount_6,\n\t\tContribution_Source_Code_7,\n\t\tContribution_Source_Amount_7,\n\t\tContribution_Source_Code_8,\n\t\tContribution_Source_Amount_8,\n\t\tFinal_Contribution_Indicator,\n\t\tLoan_Number_1,\n\t\tLoan_Repayment_Amount_1,\n\t\tLoan_Number_2,\n\t\tLoan_Repayment_Amout_2,\n\t\tLoan_Number_3,\n\t\tLoan_Repayment_Amount_3,\n\t\tLoan_Number_4,\n\t\tLoan_Repayment_Amount_4,\n\t\tLoan_Number_5,\n\t\tLoan_Repayment_Amount_5,\n\t\tOMNI_Field_52,\n\t\tOMNI_Field_53,\n\t\tOMNI_Field_54,\n\t\tOMNI_Field_55,\n\t\tOMNI_Field_56,\n\t\tOMNI_Field_57,\n\t\tOMNI_Field_58,\n\t\tOMNI_Field_59,\n\t\tOMNI_Field_60,\n\t\tOMNI_Field_61,\n\t\tOMNI_Field_62,\n\t\tOMNI_Field_63,\n\t\tOMNI_Field_64,\n\t\tOMNI_Field_65,\n\t\tOMNI_Field_66,\n\t\tOMNI_Field_67,\n\t\tRecord_Level_1,\n\t\tRecord_Level_1_Vendor,\n\t\tRecord_Level_1_File_Release_Time,\n\t\tRecord_Level_1_Total_Amount_in_File,\n\t\tRecord_Level_1_Number_of_Contributions,\n\t\tRecord_Level_1_Datetime,\n\t\tRecord_Level_1_Number_of_Participants,\n\t\tRecord_Level_2,\n\t\tRecord_Level_2_Plan_Name,\n\t\tRecord_Level_2_Remitter_Plan_Code,\n\t\tRecord_Level_2_Column_D,\n\t\tRecord_Level_2_Column_E,\n\t\tRecord_Level_2_Payroll_Date,\n\t\tRecord_Level_2_Total_Amount_in_Plan,\n\t\tRecord_Level_2_Number_of_Participants,\n\t\tRecord_Level_3,\n\t\tRecord_Level_3_SSN,\n\t\tRecord_Level_3_Last_Name,\n\t\tRecord_Level_3_First_Name,\n\t\tRecord_Level_3_Remitter_Plan_Code,\n\t\tRecord_Level_3_Remittance_Type,\n\t\tRecord_Level_3_Source_Code,\n\t\tRecord_Level_3_Number_of_Participants,\n\t\tRecord_Level_3_Column_I,\n\t\tRecord_Level_3_Amount,\n\t\tRecord_Level_4,\n\t\tRecord_Level_4_Plan_Name,\n\t\tRecord_Level_4_Remitter_Plan_Code,\n\t\tRecord_Level_4_Column_D,\n\t\tRecord_Level_4_Column_E,\n\t\tRecord_Level_4_Payroll_Date,\n\t\tRecord_Level_4_Total_Amount_in_Plan,\n\t\tRecord_Level_4_Number_of_Participants,\n\t\tRecord_Level_5,\n\t\tRecord_Level_5_Vendor,\n\t\tRecord_Level_5_File_Release_Time,\n\t\tRecord_Level_5_Total_Amount_in_File,\n\t\tRecord_Level_5_Number_of_Contributions,\n\t\tRecord_Level_5_Datetime,\n\t\tRecord_Level_5_Number_of_Participants,\n\t\tRemittance_Type,\n\t\tContribution_Rate,\n\t\tLoan_Balance,\n\t\tComments,\n\t\tHeader_Column_1,\n\t\tHeader_Column_2,\n\t\tHeader_Column_3,\n\t\tHeader_Column_4,\n\t\tHeader_Column_5,\n\t\tHeader_Column_6,\n\t\tHeader_Column_7,\n\t\tHeader_Column_8,\n\t\tHeader_Column_9,\n\t\tHeader_Column_10,\n\t\tFooter_Column_1,\n\t\tFooter_Column_2,\n\t\tFooter_Column_3,\n\t\tFooter_Column_4,\n\t\tFooter_Column_5,\n\t\tFooter_Column_6,\n\t\tFooter_Column_7,\n\t\tFooter_Column_8,\n\t\tFooter_Column_9,\n\t\tFooter_Column_10,\n\t\tOMNI_Field_50,\n\t\tOMNI_Field_51,\n\t\tPAYLOCITY_Field_71,\n\t\tPAYLOCITY_Field_72,\n\t\tPAYLOCITY_Field_73,\n\t\tPAYLOCITY_Field_74,\n\t\tStatus\n\t),\n\tskipDuplicateMapInputs: true,\n\tskipDuplicateMapOutputs: true) ~> PayFrequencySpecificSelect\nPayFrequencySpecificSelect, StateEnumeration join(trim(upper(State)) == trim(upper(Actual_value)),\n\tjoinType:'left',\n\tbroadcast: 'auto')~> StateEnumerationJoin\nStateEnumerationJoin derive(State = iif(isNull(Actual_value), State, Proposed_Value)) ~> StateCombine\nStateCombine select(mapColumn(\n\t\tLanding_Contribution_Data_ID,\n\t\tFile_received_ID,\n\t\tInbound_File_Setup_ID,\n\t\tPaylocity_Company_Code,\n\t\tCheck_Date,\n\t\tSSN,\n\t\tFirst_Name,\n\t\tMiddle_Name,\n\t\tLast_Name,\n\t\tTitle,\n\t\tEmployee_ID,\n\t\tGender,\n\t\tEmployee_Status,\n\t\tMarital_Status,\n\t\tDivision_Code,\n\t\tUnion_Status,\n\t\tAddress_1,\n\t\tAddress_2,\n\t\tCity,\n\t\tState,\n\t\tZip,\n\t\tBirth_Date,\n\t\tHire_Date,\n\t\tTermination_Date,\n\t\tRehire_Date,\n\t\tGross_Earnings,\n\t\tPay_Period_Hours,\n\t\tEmployee_Deferral,\n\t\tEmployee_Roth,\n\t\tLoan_Payments,\n\t\tEmployee_After_Tax,\n\t\tEmployer_Match,\n\t\tSafe_Harbor_Match,\n\t\tSafe_Harbor_Non_Elective,\n\t\tQualified_Matching_Contribution,\n\t\tQualified_Non_Elective_Contribution,\n\t\tProfit_Sharing,\n\t\tMoney_Purchase,\n\t\tPay_Frequency,\n\t\tEmail,\n\t\tPhone_Number,\n\t\tPay_Type,\n\t\tAdjusted_Seniority_Date,\n\t\tLeave_Of_Absence_Begin_Date,\n\t\tLeave_Of_Absence_End_Date,\n\t\tPayroll_Begin_Date,\n\t\tPayroll_End_Date,\n\t\tCost_Center_1_Code,\n\t\tCost_Center_2_Code,\n\t\tCost_Center_3_Code,\n\t\tPlan_Earnings,\n\t\tExcluded_Earnings,\n\t\tSection_125,\n\t\tLoan_Additional_Principal_Payments,\n\t\tLoan_Number,\n\t\tRollover,\n\t\tRollover_Roth,\n\t\tYTD_Gross_Earnings,\n\t\tPlan_YTD_Earnings,\n\t\tPlan_YTD_Hours,\n\t\tPlan_YTD_Excluded_Earnings,\n\t\tPlan_YTD_Section_125,\n\t\tPlan_YTD_Employee_Deferral,\n\t\tPlan_YTD_Employee_Roth,\n\t\tPlan_YTD_Employee_After_Tax,\n\t\tPlan_YTD_Loan_Payments,\n\t\tPlan_YTD_Loan_Number,\n\t\tPlan_YTD_Employer_Match,\n\t\tPlan_YTD_Safe_Harbor_Match,\n\t\tPlan_YTD_Qualified_Matching_Contribution,\n\t\tPlan_YTD_Safe_Harbor_Non_Elective,\n\t\tPlan_YTD_Qualified_Non_Elective_Contribution,\n\t\tPlan_YTD_Profit_Sharing,\n\t\tPlan_YTD_Money_Purchase,\n\t\tPlan_YTD_Rollover,\n\t\tPlan_YTD_Rollover_Roth,\n\t\tPlan_ID,\n\t\tPlan_Name,\n\t\tInvestment_Election,\n\t\tInvestment_Change_Date,\n\t\tRecipient_Vendor_Plan_ID,\n\t\tDetail,\n\t\tEmployer_EIN,\n\t\tEmployer_Name,\n\t\tEmployer_Plan_ID,\n\t\tEmployer_Sub_Plan_ID,\n\t\tOriginating_Vendor_ID,\n\t\tOriginating_Vendor_Sub_Plan_ID,\n\t\tRecipient_Vendor_Sub_Plan_ID,\n\t\tType_of_Account,\n\t\tHR_Area_Or_Location_Code,\n\t\tHR_Sub_Area,\n\t\tAdjusted_Date_of_Hire,\n\t\tPayroll_Mode,\n\t\tContribution_Source_Code_1,\n\t\tContribution_Source_Amount_1,\n\t\tContribution_Source_Code_2,\n\t\tContribution_Source_Amount_2,\n\t\tContribution_Source_Code_3,\n\t\tContribution_Source_Amount_3,\n\t\tContribution_Source_Code_4,\n\t\tContribution_Source_Amount_4,\n\t\tContribution_Source_Code_5,\n\t\tContribution_Source_Amount_5,\n\t\tContribution_Source_Code_6,\n\t\tContribution_Source_Amount_6,\n\t\tContribution_Source_Code_7,\n\t\tContribution_Source_Amount_7,\n\t\tContribution_Source_Code_8,\n\t\tContribution_Source_Amount_8,\n\t\tFinal_Contribution_Indicator,\n\t\tLoan_Number_1,\n\t\tLoan_Repayment_Amount_1,\n\t\tLoan_Number_2,\n\t\tLoan_Repayment_Amout_2,\n\t\tLoan_Number_3,\n\t\tLoan_Repayment_Amount_3,\n\t\tLoan_Number_4,\n\t\tLoan_Repayment_Amount_4,\n\t\tLoan_Number_5,\n\t\tLoan_Repayment_Amount_5,\n\t\tOMNI_Field_52,\n\t\tOMNI_Field_53,\n\t\tOMNI_Field_54,\n\t\tOMNI_Field_55,\n\t\tOMNI_Field_56,\n\t\tOMNI_Field_57,\n\t\tOMNI_Field_58,\n\t\tOMNI_Field_59,\n\t\tOMNI_Field_60,\n\t\tOMNI_Field_61,\n\t\tOMNI_Field_62,\n\t\tOMNI_Field_63,\n\t\tOMNI_Field_64,\n\t\tOMNI_Field_65,\n\t\tOMNI_Field_66,\n\t\tOMNI_Field_67,\n\t\tRecord_Level_1,\n\t\tRecord_Level_1_Vendor,\n\t\tRecord_Level_1_File_Release_Time,\n\t\tRecord_Level_1_Total_Amount_in_File,\n\t\tRecord_Level_1_Number_of_Contributions,\n\t\tRecord_Level_1_Datetime,\n\t\tRecord_Level_1_Number_of_Participants,\n\t\tRecord_Level_2,\n\t\tRecord_Level_2_Plan_Name,\n\t\tRecord_Level_2_Remitter_Plan_Code,\n\t\tRecord_Level_2_Column_D,\n\t\tRecord_Level_2_Column_E,\n\t\tRecord_Level_2_Payroll_Date,\n\t\tRecord_Level_2_Total_Amount_in_Plan,\n\t\tRecord_Level_2_Number_of_Participants,\n\t\tRecord_Level_3,\n\t\tRecord_Level_3_SSN,\n\t\tRecord_Level_3_Last_Name,\n\t\tRecord_Level_3_First_Name,\n\t\tRecord_Level_3_Remitter_Plan_Code,\n\t\tRecord_Level_3_Remittance_Type,\n\t\tRecord_Level_3_Source_Code,\n\t\tRecord_Level_3_Number_of_Participants,\n\t\tRecord_Level_3_Column_I,\n\t\tRecord_Level_3_Amount,\n\t\tRecord_Level_4,\n\t\tRecord_Level_4_Plan_Name,\n\t\tRecord_Level_4_Remitter_Plan_Code,\n\t\tRecord_Level_4_Column_D,\n\t\tRecord_Level_4_Column_E,\n\t\tRecord_Level_4_Payroll_Date,\n\t\tRecord_Level_4_Total_Amount_in_Plan,\n\t\tRecord_Level_4_Number_of_Participants,\n\t\tRecord_Level_5,\n\t\tRecord_Level_5_Vendor,\n\t\tRecord_Level_5_File_Release_Time,\n\t\tRecord_Level_5_Total_Amount_in_File,\n\t\tRecord_Level_5_Number_of_Contributions,\n\t\tRecord_Level_5_Datetime,\n\t\tRecord_Level_5_Number_of_Participants,\n\t\tRemittance_Type,\n\t\tContribution_Rate,\n\t\tLoan_Balance,\n\t\tComments,\n\t\tHeader_Column_1,\n\t\tHeader_Column_2,\n\t\tHeader_Column_3,\n\t\tHeader_Column_4,\n\t\tHeader_Column_5,\n\t\tHeader_Column_6,\n\t\tHeader_Column_7,\n\t\tHeader_Column_8,\n\t\tHeader_Column_9,\n\t\tHeader_Column_10,\n\t\tFooter_Column_1,\n\t\tFooter_Column_2,\n\t\tFooter_Column_3,\n\t\tFooter_Column_4,\n\t\tFooter_Column_5,\n\t\tFooter_Column_6,\n\t\tFooter_Column_7,\n\t\tFooter_Column_8,\n\t\tFooter_Column_9,\n\t\tFooter_Column_10,\n\t\tOMNI_Field_50,\n\t\tOMNI_Field_51,\n\t\tPAYLOCITY_Field_71,\n\t\tPAYLOCITY_Field_72,\n\t\tPAYLOCITY_Field_73,\n\t\tPAYLOCITY_Field_74,\n\t\tStatus\n\t),\n\tskipDuplicateMapInputs: true,\n\tskipDuplicateMapOutputs: true) ~> StateSpecificSelect\nStateSpecificSelect, UnionStatusEnumeration join(trim(upper(Union_Status)) == trim(upper(Actual_value)),\n\tjoinType:'left',\n\tbroadcast: 'auto')~> UnionStatusEnumerationJoin\nUnionStatusEnumerationJoin derive(Union_Status = iif(isNull(Actual_value), Union_Status, Proposed_Value)) ~> UnionStatusCombine\nUnionStatusCombine select(mapColumn(\n\t\tLanding_Contribution_Data_ID,\n\t\tFile_received_ID,\n\t\tInbound_File_Setup_ID,\n\t\tPaylocity_Company_Code,\n\t\tCheck_Date,\n\t\tSSN,\n\t\tFirst_Name,\n\t\tMiddle_Name,\n\t\tLast_Name,\n\t\tTitle,\n\t\tEmployee_ID,\n\t\tGender,\n\t\tEmployee_Status,\n\t\tMarital_Status,\n\t\tDivision_Code,\n\t\tUnion_Status,\n\t\tAddress_1,\n\t\tAddress_2,\n\t\tCity,\n\t\tState,\n\t\tZip,\n\t\tBirth_Date,\n\t\tHire_Date,\n\t\tTermination_Date,\n\t\tRehire_Date,\n\t\tGross_Earnings,\n\t\tPay_Period_Hours,\n\t\tEmployee_Deferral,\n\t\tEmployee_Roth,\n\t\tLoan_Payments,\n\t\tEmployee_After_Tax,\n\t\tEmployer_Match,\n\t\tSafe_Harbor_Match,\n\t\tSafe_Harbor_Non_Elective,\n\t\tQualified_Matching_Contribution,\n\t\tQualified_Non_Elective_Contribution,\n\t\tProfit_Sharing,\n\t\tMoney_Purchase,\n\t\tPay_Frequency,\n\t\tEmail,\n\t\tPhone_Number,\n\t\tPay_Type,\n\t\tAdjusted_Seniority_Date,\n\t\tLeave_Of_Absence_Begin_Date,\n\t\tLeave_Of_Absence_End_Date,\n\t\tPayroll_Begin_Date,\n\t\tPayroll_End_Date,\n\t\tCost_Center_1_Code,\n\t\tCost_Center_2_Code,\n\t\tCost_Center_3_Code,\n\t\tPlan_Earnings,\n\t\tExcluded_Earnings,\n\t\tSection_125,\n\t\tLoan_Additional_Principal_Payments,\n\t\tLoan_Number,\n\t\tRollover,\n\t\tRollover_Roth,\n\t\tYTD_Gross_Earnings,\n\t\tPlan_YTD_Earnings,\n\t\tPlan_YTD_Hours,\n\t\tPlan_YTD_Excluded_Earnings,\n\t\tPlan_YTD_Section_125,\n\t\tPlan_YTD_Employee_Deferral,\n\t\tPlan_YTD_Employee_Roth,\n\t\tPlan_YTD_Employee_After_Tax,\n\t\tPlan_YTD_Loan_Payments,\n\t\tPlan_YTD_Loan_Number,\n\t\tPlan_YTD_Employer_Match,\n\t\tPlan_YTD_Safe_Harbor_Match,\n\t\tPlan_YTD_Qualified_Matching_Contribution,\n\t\tPlan_YTD_Safe_Harbor_Non_Elective,\n\t\tPlan_YTD_Qualified_Non_Elective_Contribution,\n\t\tPlan_YTD_Profit_Sharing,\n\t\tPlan_YTD_Money_Purchase,\n\t\tPlan_YTD_Rollover,\n\t\tPlan_YTD_Rollover_Roth,\n\t\tPlan_ID,\n\t\tPlan_Name,\n\t\tInvestment_Election,\n\t\tInvestment_Change_Date,\n\t\tRecipient_Vendor_Plan_ID,\n\t\tDetail,\n\t\tEmployer_EIN,\n\t\tEmployer_Name,\n\t\tEmployer_Plan_ID,\n\t\tEmployer_Sub_Plan_ID,\n\t\tOriginating_Vendor_ID,\n\t\tOriginating_Vendor_Sub_Plan_ID,\n\t\tRecipient_Vendor_Sub_Plan_ID,\n\t\tType_of_Account,\n\t\tHR_Area_Or_Location_Code,\n\t\tHR_Sub_Area,\n\t\tAdjusted_Date_of_Hire,\n\t\tPayroll_Mode,\n\t\tContribution_Source_Code_1,\n\t\tContribution_Source_Amount_1,\n\t\tContribution_Source_Code_2,\n\t\tContribution_Source_Amount_2,\n\t\tContribution_Source_Code_3,\n\t\tContribution_Source_Amount_3,\n\t\tContribution_Source_Code_4,\n\t\tContribution_Source_Amount_4,\n\t\tContribution_Source_Code_5,\n\t\tContribution_Source_Amount_5,\n\t\tContribution_Source_Code_6,\n\t\tContribution_Source_Amount_6,\n\t\tContribution_Source_Code_7,\n\t\tContribution_Source_Amount_7,\n\t\tContribution_Source_Code_8,\n\t\tContribution_Source_Amount_8,\n\t\tFinal_Contribution_Indicator,\n\t\tLoan_Number_1,\n\t\tLoan_Repayment_Amount_1,\n\t\tLoan_Number_2,\n\t\tLoan_Repayment_Amout_2,\n\t\tLoan_Number_3,\n\t\tLoan_Repayment_Amount_3,\n\t\tLoan_Number_4,\n\t\tLoan_Repayment_Amount_4,\n\t\tLoan_Number_5,\n\t\tLoan_Repayment_Amount_5,\n\t\tOMNI_Field_52,\n\t\tOMNI_Field_53,\n\t\tOMNI_Field_54,\n\t\tOMNI_Field_55,\n\t\tOMNI_Field_56,\n\t\tOMNI_Field_57,\n\t\tOMNI_Field_58,\n\t\tOMNI_Field_59,\n\t\tOMNI_Field_60,\n\t\tOMNI_Field_61,\n\t\tOMNI_Field_62,\n\t\tOMNI_Field_63,\n\t\tOMNI_Field_64,\n\t\tOMNI_Field_65,\n\t\tOMNI_Field_66,\n\t\tOMNI_Field_67,\n\t\tRecord_Level_1,\n\t\tRecord_Level_1_Vendor,\n\t\tRecord_Level_1_File_Release_Time,\n\t\tRecord_Level_1_Total_Amount_in_File,\n\t\tRecord_Level_1_Number_of_Contributions,\n\t\tRecord_Level_1_Datetime,\n\t\tRecord_Level_1_Number_of_Participants,\n\t\tRecord_Level_2,\n\t\tRecord_Level_2_Plan_Name,\n\t\tRecord_Level_2_Remitter_Plan_Code,\n\t\tRecord_Level_2_Column_D,\n\t\tRecord_Level_2_Column_E,\n\t\tRecord_Level_2_Payroll_Date,\n\t\tRecord_Level_2_Total_Amount_in_Plan,\n\t\tRecord_Level_2_Number_of_Participants,\n\t\tRecord_Level_3,\n\t\tRecord_Level_3_SSN,\n\t\tRecord_Level_3_Last_Name,\n\t\tRecord_Level_3_First_Name,\n\t\tRecord_Level_3_Remitter_Plan_Code,\n\t\tRecord_Level_3_Remittance_Type,\n\t\tRecord_Level_3_Source_Code,\n\t\tRecord_Level_3_Number_of_Participants,\n\t\tRecord_Level_3_Column_I,\n\t\tRecord_Level_3_Amount,\n\t\tRecord_Level_4,\n\t\tRecord_Level_4_Plan_Name,\n\t\tRecord_Level_4_Remitter_Plan_Code,\n\t\tRecord_Level_4_Column_D,\n\t\tRecord_Level_4_Column_E,\n\t\tRecord_Level_4_Payroll_Date,\n\t\tRecord_Level_4_Total_Amount_in_Plan,\n\t\tRecord_Level_4_Number_of_Participants,\n\t\tRecord_Level_5,\n\t\tRecord_Level_5_Vendor,\n\t\tRecord_Level_5_File_Release_Time,\n\t\tRecord_Level_5_Total_Amount_in_File,\n\t\tRecord_Level_5_Number_of_Contributions,\n\t\tRecord_Level_5_Datetime,\n\t\tRecord_Level_5_Number_of_Participants,\n\t\tRemittance_Type,\n\t\tContribution_Rate,\n\t\tLoan_Balance,\n\t\tComments,\n\t\tHeader_Column_1,\n\t\tHeader_Column_2,\n\t\tHeader_Column_3,\n\t\tHeader_Column_4,\n\t\tHeader_Column_5,\n\t\tHeader_Column_6,\n\t\tHeader_Column_7,\n\t\tHeader_Column_8,\n\t\tHeader_Column_9,\n\t\tHeader_Column_10,\n\t\tFooter_Column_1,\n\t\tFooter_Column_2,\n\t\tFooter_Column_3,\n\t\tFooter_Column_4,\n\t\tFooter_Column_5,\n\t\tFooter_Column_6,\n\t\tFooter_Column_7,\n\t\tFooter_Column_8,\n\t\tFooter_Column_9,\n\t\tFooter_Column_10,\n\t\tOMNI_Field_50,\n\t\tOMNI_Field_51,\n\t\tPAYLOCITY_Field_71,\n\t\tPAYLOCITY_Field_72,\n\t\tPAYLOCITY_Field_73,\n\t\tPAYLOCITY_Field_74,\n\t\tStatus\n\t),\n\tskipDuplicateMapInputs: true,\n\tskipDuplicateMapOutputs: true) ~> UnionStatusSpecificSelect\nUnionStatusSpecificSelect sink(input(\n\t\tLanding_Contribution_Data_ID as long,\n\t\tFile_received_ID as integer,\n\t\tInbound_File_Setup_ID as integer,\n\t\tCompany_Code as string,\n\t\tCheck_Date as date,\n\t\tSSN as string,\n\t\tFirst_Name as string,\n\t\tMiddle_Name as string,\n\t\tLast_Name as string,\n\t\tTitle as string,\n\t\tEmployee_ID as string,\n\t\tGender as string,\n\t\tEmployee_Status as string,\n\t\tMarital_Status as string,\n\t\tDivision_Code as string,\n\t\tUnion_Status as string,\n\t\tAddress_1 as string,\n\t\tAddress_2 as string,\n\t\tCity as string,\n\t\tState as string,\n\t\tZip as long,\n\t\tBirth_Date as date,\n\t\tHire_Date as date,\n\t\tTermination_Date as date,\n\t\tRehire_Date as date,\n\t\tGross_Earnings as decimal(18,2),\n\t\tPay_Period_Hours as decimal(18,2),\n\t\tEmployee_Deferral as decimal(18,2),\n\t\tEmployee_Roth as decimal(18,2),\n\t\tLoan_Payments as decimal(18,2),\n\t\tEmployee_After_Tax as decimal(18,2),\n\t\tEmployer_Match as decimal(18,2),\n\t\tSafe_Harbor_Match as decimal(18,2),\n\t\tSafe_Harbor_Non_Elective as decimal(18,2),\n\t\tQualified_Matching_Contribution as decimal(18,2),\n\t\tQualified_Non_Elective_Contribution as decimal(18,2),\n\t\tProfit_Sharing as decimal(18,2),\n\t\tMoney_Purchase as decimal(18,2),\n\t\tPay_Frequency as string,\n\t\tEmail as string,\n\t\tPhone_Number as string,\n\t\tPay_Type as string,\n\t\tAdjusted_Seniority_Date as date,\n\t\tLeave_Of_Absence_Begin_Date as timestamp,\n\t\tLeave_Of_Absence_End_Date as timestamp,\n\t\tPayroll_Begin_Date as date,\n\t\tPayroll_End_Date as date,\n\t\tCost_Center_1_Code as string,\n\t\tCost_Center_2_Code as string,\n\t\tCost_Center_3_Code as string,\n\t\tPlan_Earnings as decimal(18,2),\n\t\tExcluded_Earnings as decimal(18,2),\n\t\tSection_125 as string,\n\t\tLoan_Additional_Principal_Payments as decimal(18,2),\n\t\tLoan_Number as long,\n\t\tRollover as decimal(18,2),\n\t\tRollover_Roth as decimal(18,2),\n\t\tYTD_Gross_Earnings as decimal(18,2),\n\t\tPlan_YTD_Earnings as decimal(18,2),\n\t\tPlan_YTD_Hours as decimal(18,2),\n\t\tPlan_YTD_Excluded_Earnings as decimal(18,2),\n\t\tPlan_YTD_Section_125 as string,\n\t\tPlan_YTD_Employee_Deferral as decimal(18,2),\n\t\tPlan_YTD_Employee_Roth as decimal(18,2),\n\t\tPlan_YTD_Employee_After_Tax as decimal(18,2),\n\t\tPlan_YTD_Loan_Payments as decimal(18,2),\n\t\tPlan_YTD_Loan_Number as long,\n\t\tPlan_YTD_Employer_Match as decimal(18,2),\n\t\tPlan_YTD_Safe_Harbor_Match as decimal(18,2),\n\t\tPlan_YTD_Qualified_Matching_Contribution as decimal(18,2),\n\t\tPlan_YTD_Safe_Harbor_Non_Elective as decimal(18,2),\n\t\tPlan_YTD_Qualified_Non_Elective_Contribution as decimal(18,2),\n\t\tPlan_YTD_Profit_Sharing as decimal(18,2),\n\t\tPlan_YTD_Money_Purchase as decimal(18,2),\n\t\tPlan_YTD_Rollover as decimal(18,2),\n\t\tPlan_YTD_Rollover_Roth as decimal(18,2),\n\t\tPlan_ID as string,\n\t\tPlan_Name as string,\n\t\tInvestment_Election as string,\n\t\tInvestment_Change_Date as date,\n\t\tRecipient_Vendor_Plan_ID as string,\n\t\tDetail as string,\n\t\tEmployer_EIN as integer,\n\t\tEmployer_Name as string,\n\t\tEmployer_Plan_ID as integer,\n\t\tEmployer_Sub_Plan_ID as integer,\n\t\tOriginating_Vendor_ID as integer,\n\t\tOriginating_Vendor_Sub_Plan_ID as integer,\n\t\tRecipient_Vendor_Sub_Plan_ID as integer,\n\t\tType_of_Account as string,\n\t\tHR_Area_Or_Location_Code as string,\n\t\tHR_Sub_Area as string,\n\t\tAdjusted_Date_of_Hire as date,\n\t\tPayroll_Mode as string,\n\t\tContribution_Source_Code_1 as string,\n\t\tContribution_Source_Amount_1 as decimal(18,2),\n\t\tContribution_Source_Code_2 as string,\n\t\tContribution_Source_Amount_2 as decimal(18,2),\n\t\tContribution_Source_Code_3 as string,\n\t\tContribution_Source_Amount_3 as decimal(18,2),\n\t\tContribution_Source_Code_4 as string,\n\t\tContribution_Source_Amount_4 as decimal(18,2),\n\t\tContribution_Source_Code_5 as string,\n\t\tContribution_Source_Amount_5 as decimal(18,2),\n\t\tContribution_Source_Code_6 as string,\n\t\tContribution_Source_Amount_6 as decimal(18,2),\n\t\tContribution_Source_Code_7 as string,\n\t\tContribution_Source_Amount_7 as decimal(18,2),\n\t\tContribution_Source_Code_8 as string,\n\t\tContribution_Source_Amount_8 as decimal(18,2),\n\t\tFinal_Contribution_Indicator as string,\n\t\tLoan_Number_1 as long,\n\t\tLoan_Repayment_Amount_1 as decimal(18,2),\n\t\tLoan_Number_2 as long,\n\t\tLoan_Repayment_Amout_2 as decimal(18,2),\n\t\tLoan_Number_3 as long,\n\t\tLoan_Repayment_Amount_3 as decimal(18,2),\n\t\tLoan_Number_4 as long,\n\t\tLoan_Repayment_Amount_4 as decimal(18,2),\n\t\tLoan_Number_5 as long,\n\t\tLoan_Repayment_Amount_5 as decimal(18,2),\n\t\tOMNI_Field_52 as string,\n\t\tOMNI_Field_53 as string,\n\t\tOMNI_Field_54 as string,\n\t\tOMNI_Field_55 as string,\n\t\tOMNI_Field_56 as string,\n\t\tOMNI_Field_57 as string,\n\t\tOMNI_Field_58 as string,\n\t\tOMNI_Field_59 as string,\n\t\tOMNI_Field_60 as string,\n\t\tOMNI_Field_61 as string,\n\t\tOMNI_Field_62 as string,\n\t\tOMNI_Field_63 as string,\n\t\tOMNI_Field_64 as string,\n\t\tOMNI_Field_65 as string,\n\t\tOMNI_Field_66 as string,\n\t\tOMNI_Field_67 as string,\n\t\tRecord_Level_1 as integer,\n\t\tRecord_Level_1_Vendor as string,\n\t\tRecord_Level_1_File_Release_Time as timestamp,\n\t\tRecord_Level_1_Total_Amount_in_File as decimal(18,2),\n\t\tRecord_Level_1_Number_of_Contributions as integer,\n\t\tRecord_Level_1_Datetime as timestamp,\n\t\tRecord_Level_1_Number_of_Participants as integer,\n\t\tRecord_Level_2 as integer,\n\t\tRecord_Level_2_Plan_Name as string,\n\t\tRecord_Level_2_Remitter_Plan_Code as string,\n\t\tRecord_Level_2_Column_D as string,\n\t\tRecord_Level_2_Column_E as string,\n\t\tRecord_Level_2_Payroll_Date as date,\n\t\tRecord_Level_2_Total_Amount_in_Plan as decimal(18,2),\n\t\tRecord_Level_2_Number_of_Participants as integer,\n\t\tRecord_Level_3 as integer,\n\t\tRecord_Level_3_SSN as string,\n\t\tRecord_Level_3_Last_Name as string,\n\t\tRecord_Level_3_First_Name as string,\n\t\tRecord_Level_3_Remitter_Plan_Code as string,\n\t\tRecord_Level_3_Remittance_Type as string,\n\t\tRecord_Level_3_Source_Code as string,\n\t\tRecord_Level_3_Number_of_Participants as integer,\n\t\tRecord_Level_3_Column_I as string,\n\t\tRecord_Level_3_Amount as decimal(18,2),\n\t\tRecord_Level_4 as integer,\n\t\tRecord_Level_4_Plan_Name as string,\n\t\tRecord_Level_4_Remitter_Plan_Code as string,\n\t\tRecord_Level_4_Column_D as string,\n\t\tRecord_Level_4_Column_E as string,\n\t\tRecord_Level_4_Payroll_Date as date,\n\t\tRecord_Level_4_Total_Amount_in_Plan as decimal(18,2),\n\t\tRecord_Level_4_Number_of_Participants as integer,\n\t\tRecord_Level_5 as integer,\n\t\tRecord_Level_5_Vendor as string,\n\t\tRecord_Level_5_File_Release_Time as timestamp,\n\t\tRecord_Level_5_Total_Amount_in_File as decimal(18,2),\n\t\tRecord_Level_5_Number_of_Contributions as integer,\n\t\tRecord_Level_5_Datetime as timestamp,\n\t\tRecord_Level_5_Number_of_Participants as integer,\n\t\tRemittance_Type as string,\n\t\tContribution_Rate as decimal(18,2),\n\t\tLoan_Balance as decimal(18,2),\n\t\tComments as string,\n\t\tHeader_Column_1 as string,\n\t\tHeader_Column_2 as string,\n\t\tHeader_Column_3 as string,\n\t\tHeader_Column_4 as string,\n\t\tHeader_Column_5 as string,\n\t\tHeader_Column_6 as string,\n\t\tHeader_Column_7 as string,\n\t\tHeader_Column_8 as string,\n\t\tHeader_Column_9 as string,\n\t\tHeader_Column_10 as string,\n\t\tFooter_Column_1 as string,\n\t\tFooter_Column_2 as string,\n\t\tFooter_Column_3 as string,\n\t\tFooter_Column_4 as string,\n\t\tFooter_Column_5 as string,\n\t\tFooter_Column_6 as string,\n\t\tFooter_Column_7 as string,\n\t\tFooter_Column_8 as string,\n\t\tFooter_Column_9 as string,\n\t\tFooter_Column_10 as string,\n\t\tOMNI_Field_50 as string,\n\t\tOMNI_Field_51 as string,\n\t\tPAYLOCITY_Field_71 as string,\n\t\tPAYLOCITY_Field_72 as string,\n\t\tPAYLOCITY_Field_73 as string,\n\t\tPAYLOCITY_Field_74 as string,\n\t\tStatus as string\n\t),\n\tallowSchemaDrift: true,\n\tvalidateSchema: false,\n\tdeletable:false,\n\tinsertable:true,\n\tupdateable:false,\n\tupsertable:false,\n\tformat: 'table',\n\tmapColumn(\n\t\tLanding_Contribution_Data_ID,\n\t\tFile_received_ID,\n\t\tInbound_File_Setup_ID,\n\t\tCompany_Code = Paylocity_Company_Code,\n\t\tCheck_Date,\n\t\tSSN,\n\t\tFirst_Name,\n\t\tMiddle_Name,\n\t\tLast_Name,\n\t\tTitle,\n\t\tEmployee_ID,\n\t\tGender,\n\t\tEmployee_Status,\n\t\tMarital_Status,\n\t\tDivision_Code,\n\t\tUnion_Status,\n\t\tAddress_1,\n\t\tAddress_2,\n\t\tCity,\n\t\tState,\n\t\tZip,\n\t\tBirth_Date,\n\t\tHire_Date,\n\t\tTermination_Date,\n\t\tRehire_Date,\n\t\tGross_Earnings,\n\t\tPay_Period_Hours,\n\t\tEmployee_Deferral,\n\t\tEmployee_Roth,\n\t\tLoan_Payments,\n\t\tEmployee_After_Tax,\n\t\tEmployer_Match,\n\t\tSafe_Harbor_Match,\n\t\tSafe_Harbor_Non_Elective,\n\t\tQualified_Matching_Contribution,\n\t\tQualified_Non_Elective_Contribution,\n\t\tProfit_Sharing,\n\t\tMoney_Purchase,\n\t\tPay_Frequency,\n\t\tEmail,\n\t\tPhone_Number,\n\t\tPay_Type,\n\t\tAdjusted_Seniority_Date,\n\t\tLeave_Of_Absence_Begin_Date,\n\t\tLeave_Of_Absence_End_Date,\n\t\tPayroll_Begin_Date,\n\t\tPayroll_End_Date,\n\t\tCost_Center_1_Code,\n\t\tCost_Center_2_Code,\n\t\tCost_Center_3_Code,\n\t\tPlan_Earnings,\n\t\tExcluded_Earnings,\n\t\tSection_125,\n\t\tLoan_Additional_Principal_Payments,\n\t\tLoan_Number,\n\t\tRollover,\n\t\tRollover_Roth,\n\t\tYTD_Gross_Earnings,\n\t\tPlan_YTD_Earnings,\n\t\tPlan_YTD_Hours,\n\t\tPlan_YTD_Excluded_Earnings,\n\t\tPlan_YTD_Section_125,\n\t\tPlan_YTD_Employee_Deferral,\n\t\tPlan_YTD_Employee_Roth,\n\t\tPlan_YTD_Employee_After_Tax,\n\t\tPlan_YTD_Loan_Payments,\n\t\tPlan_YTD_Loan_Number,\n\t\tPlan_YTD_Employer_Match,\n\t\tPlan_YTD_Safe_Harbor_Match,\n\t\tPlan_YTD_Qualified_Matching_Contribution,\n\t\tPlan_YTD_Safe_Harbor_Non_Elective,\n\t\tPlan_YTD_Qualified_Non_Elective_Contribution,\n\t\tPlan_YTD_Profit_Sharing,\n\t\tPlan_YTD_Money_Purchase,\n\t\tPlan_YTD_Rollover,\n\t\tPlan_YTD_Rollover_Roth,\n\t\tPlan_ID,\n\t\tPlan_Name,\n\t\tInvestment_Election,\n\t\tInvestment_Change_Date,\n\t\tRecipient_Vendor_Plan_ID,\n\t\tDetail,\n\t\tEmployer_EIN,\n\t\tEmployer_Name,\n\t\tEmployer_Plan_ID,\n\t\tEmployer_Sub_Plan_ID,\n\t\tOriginating_Vendor_ID,\n\t\tOriginating_Vendor_Sub_Plan_ID,\n\t\tRecipient_Vendor_Sub_Plan_ID,\n\t\tType_of_Account,\n\t\tHR_Area_Or_Location_Code,\n\t\tHR_Sub_Area,\n\t\tAdjusted_Date_of_Hire,\n\t\tPayroll_Mode,\n\t\tContribution_Source_Code_1,\n\t\tContribution_Source_Amount_1,\n\t\tContribution_Source_Code_2,\n\t\tContribution_Source_Amount_2,\n\t\tContribution_Source_Code_3,\n\t\tContribution_Source_Amount_3,\n\t\tContribution_Source_Code_4,\n\t\tContribution_Source_Amount_4,\n\t\tContribution_Source_Code_5,\n\t\tContribution_Source_Amount_5,\n\t\tContribution_Source_Code_6,\n\t\tContribution_Source_Amount_6,\n\t\tContribution_Source_Code_7,\n\t\tContribution_Source_Amount_7,\n\t\tContribution_Source_Code_8,\n\t\tContribution_Source_Amount_8,\n\t\tFinal_Contribution_Indicator,\n\t\tLoan_Number_1,\n\t\tLoan_Repayment_Amount_1,\n\t\tLoan_Number_2,\n\t\tLoan_Repayment_Amout_2,\n\t\tLoan_Number_3,\n\t\tLoan_Repayment_Amount_3,\n\t\tLoan_Number_4,\n\t\tLoan_Repayment_Amount_4,\n\t\tLoan_Number_5,\n\t\tLoan_Repayment_Amount_5,\n\t\tOMNI_Field_52,\n\t\tOMNI_Field_53,\n\t\tOMNI_Field_54,\n\t\tOMNI_Field_55,\n\t\tOMNI_Field_56,\n\t\tOMNI_Field_57,\n\t\tOMNI_Field_58,\n\t\tOMNI_Field_59,\n\t\tOMNI_Field_60,\n\t\tOMNI_Field_61,\n\t\tOMNI_Field_62,\n\t\tOMNI_Field_63,\n\t\tOMNI_Field_64,\n\t\tOMNI_Field_65,\n\t\tOMNI_Field_66,\n\t\tOMNI_Field_67,\n\t\tRecord_Level_1,\n\t\tRecord_Level_1_Vendor,\n\t\tRecord_Level_1_File_Release_Time,\n\t\tRecord_Level_1_Total_Amount_in_File,\n\t\tRecord_Level_1_Number_of_Contributions,\n\t\tRecord_Level_1_Datetime,\n\t\tRecord_Level_1_Number_of_Participants,\n\t\tRecord_Level_2,\n\t\tRecord_Level_2_Plan_Name,\n\t\tRecord_Level_2_Remitter_Plan_Code,\n\t\tRecord_Level_2_Column_D,\n\t\tRecord_Level_2_Column_E,\n\t\tRecord_Level_2_Payroll_Date,\n\t\tRecord_Level_2_Total_Amount_in_Plan,\n\t\tRecord_Level_2_Number_of_Participants,\n\t\tRecord_Level_3,\n\t\tRecord_Level_3_SSN,\n\t\tRecord_Level_3_Last_Name,\n\t\tRecord_Level_3_First_Name,\n\t\tRecord_Level_3_Remitter_Plan_Code,\n\t\tRecord_Level_3_Remittance_Type,\n\t\tRecord_Level_3_Source_Code,\n\t\tRecord_Level_3_Number_of_Participants,\n\t\tRecord_Level_3_Column_I,\n\t\tRecord_Level_3_Amount,\n\t\tRecord_Level_4,\n\t\tRecord_Level_4_Plan_Name,\n\t\tRecord_Level_4_Remitter_Plan_Code,\n\t\tRecord_Level_4_Column_D,\n\t\tRecord_Level_4_Column_E,\n\t\tRecord_Level_4_Payroll_Date,\n\t\tRecord_Level_4_Total_Amount_in_Plan,\n\t\tRecord_Level_4_Number_of_Participants,\n\t\tRecord_Level_5,\n\t\tRecord_Level_5_Vendor,\n\t\tRecord_Level_5_File_Release_Time,\n\t\tRecord_Level_5_Total_Amount_in_File,\n\t\tRecord_Level_5_Number_of_Contributions,\n\t\tRecord_Level_5_Datetime,\n\t\tRecord_Level_5_Number_of_Participants,\n\t\tRemittance_Type,\n\t\tContribution_Rate,\n\t\tLoan_Balance,\n\t\tComments,\n\t\tHeader_Column_1,\n\t\tHeader_Column_2,\n\t\tHeader_Column_3,\n\t\tHeader_Column_4,\n\t\tHeader_Column_5,\n\t\tHeader_Column_6,\n\t\tHeader_Column_7,\n\t\tHeader_Column_8,\n\t\tHeader_Column_9,\n\t\tHeader_Column_10,\n\t\tFooter_Column_1,\n\t\tFooter_Column_2,\n\t\tFooter_Column_3,\n\t\tFooter_Column_4,\n\t\tFooter_Column_5,\n\t\tFooter_Column_6,\n\t\tFooter_Column_7,\n\t\tFooter_Column_8,\n\t\tFooter_Column_9,\n\t\tFooter_Column_10,\n\t\tOMNI_Field_50,\n\t\tOMNI_Field_51,\n\t\tPAYLOCITY_Field_71,\n\t\tPAYLOCITY_Field_72,\n\t\tPAYLOCITY_Field_73,\n\t\tPAYLOCITY_Field_74,\n\t\tStatus\n\t),\n\tskipDuplicateMapInputs: true,\n\tskipDuplicateMapOutputs: true,\n\terrorHandlingOption: 'stopOnFirstError') ~> IngestionTempTable"
		}
	}
}