{
	"name": "DelimitedText1",
	"properties": {
		"linkedServiceName": {
			"referenceName": "FtpServer2",
			"type": "LinkedServiceReference"
		},
		"annotations": [],
		"type": "DelimitedText",
		"typeProperties": {
			"location": {
				"type": "FtpServerLocation",
				"fileName": "voya*.csv",
				"folderPath": "*"
			},
			"columnDelimiter": ",",
			"escapeChar": "\\",
			"quoteChar": "\""
		},
		"schema": [
			{
				"type": "String"
			}
		]
	},
	"type": "Microsoft.DataFactory/factories/datasets"
}