{
	"name": "VoyaJsonDataset",
	"properties": {
		"linkedServiceName": {
			"referenceName": "AzureBlobStorage4",
			"type": "LinkedServiceReference"
		},
		"annotations": [],
		"type": "Json",
		"typeProperties": {
			"location": {
				"type": "AzureBlobStorageLocation",
				"fileName": "VojaTestJson.Json",
				"container": "for-development"
			}
		},
		"schema": {
			"type": "object",
			"properties": {
				"A": {
					"type": "integer"
				},
				"B": {
					"type": "string"
				},
				"C": {
					"type": "integer"
				},
				"D": {
					"type": "number"
				},
				"E": {
					"type": "integer"
				},
				"F": {
					"type": "string"
				},
				"G": {
					"type": "integer"
				},
				"H": {
					"type": "integer"
				},
				"I": {
					"type": "integer"
				},
				"J": {
					"type": "integer"
				},
				"K": {
					"type": "integer"
				},
				"L": {
					"type": "string"
				},
				"M": {
					"type": "string"
				},
				"N": {
					"type": "integer"
				},
				"O": {
					"type": "integer"
				},
				"P": {
					"type": "integer"
				},
				"Q": {
					"type": "integer"
				},
				"R": {
					"type": "string"
				},
				"S": {
					"type": "string"
				},
				"T": {
					"type": "integer"
				},
				"U": {
					"type": "string"
				},
				"V": {
					"type": "string"
				},
				"W": {
					"type": "integer"
				},
				"X": {
					"type": "string"
				},
				"Y": {
					"type": "integer"
				},
				"Z": {
					"type": "integer"
				},
				"AA": {
					"type": "integer"
				},
				"AB": {
					"type": "integer"
				},
				"AC": {
					"type": "integer"
				},
				"AD": {
					"type": "string"
				},
				"AE": {
					"type": "string"
				},
				"AF": {
					"type": "integer"
				},
				"AG": {
					"type": "integer"
				},
				"AH": {
					"type": "integer"
				},
				"AI": {
					"type": "string"
				},
				"AJ": {
					"type": "integer"
				},
				"AK": {
					"type": "number"
				},
				"AL": {
					"type": "integer"
				},
				"AM": {
					"type": "string"
				},
				"AN": {
					"type": "integer"
				}
			}
		}
	},
	"type": "Microsoft.DataFactory/factories/datasets"
}