{
	"name": "CopyJsonTOCSV_DS",
	"properties": {
		"linkedServiceName": {
			"referenceName": "AzureBlobStorage4",
			"type": "LinkedServiceReference"
		},
		"annotations": [],
		"type": "Json",
		"typeProperties": {
			"location": {
				"type": "AzureBlobStorageLocation",
				"fileName": "JsonToCSV.json",
				"container": "for-development"
			}
		},
		"schema": {
			"type": "object",
			"properties": {
				"id": {
					"type": "string"
				},
				"type": {
					"type": "string"
				},
				"name": {
					"type": "string"
				},
				"ppu": {
					"type": "number"
				},
				"batters": {
					"type": "object",
					"properties": {
						"batter": {
							"type": "array",
							"items": {
								"type": "object",
								"properties": {
									"id": {
										"type": "string"
									},
									"type": {
										"type": "string"
									}
								}
							}
						}
					}
				},
				"topping": {
					"type": "array",
					"items": {
						"type": "object",
						"properties": {
							"id": {
								"type": "string"
							},
							"type": {
								"type": "string"
							}
						}
					}
				}
			}
		}
	},
	"type": "Microsoft.DataFactory/factories/datasets"
}