{
	"name": "DS_ABS_DataTransform_TransactionMetaData_POC",
	"properties": {
		"description": "DS_ABS_DataTransform_TransactionMetaData_POC",
		"linkedServiceName": {
			"referenceName": "AzureSqlDatabase1",
			"type": "LinkedServiceReference"
		},
		"annotations": [],
		"type": "AzureSqlTable",
		"schema": [
			{
				"name": "Header_Metadata_Table_ID",
				"type": "int",
				"precision": 10
			},
			{
				"name": "Header_Column_Name",
				"type": "varchar"
			},
			{
				"name": "Header_Column_Meaning",
				"type": "varchar"
			},
			{
				"name": "IsActive",
				"type": "tinyint",
				"precision": 3
			},
			{
				"name": "Created_By",
				"type": "varchar"
			},
			{
				"name": "Created_Date",
				"type": "datetime",
				"precision": 23,
				"scale": 3
			},
			{
				"name": "Updated_By",
				"type": "varchar"
			},
			{
				"name": "Updated_Date",
				"type": "datetime",
				"precision": 23,
				"scale": 3
			}
		],
		"typeProperties": {
			"schema": "dbo",
			"table": "tbl_Metadata_Mapping"
		}
	},
	"type": "Microsoft.DataFactory/factories/datasets"
}