{
	"name": "DS_ABS_RELIUS_PAYLOCITY_INPUT",
	"properties": {
		"linkedServiceName": {
			"referenceName": "AzureBlobStorageRelius",
			"type": "LinkedServiceReference"
		},
		"annotations": [],
		"type": "DelimitedText",
		"typeProperties": {
			"location": {
				"type": "AzureBlobStorageLocation",
				"folderPath": "paylocity",
				"container": "relius"
			},
			"columnDelimiter": ",",
			"escapeChar": "\\",
			"quoteChar": "\""
		},
		"schema": []
	},
	"type": "Microsoft.DataFactory/factories/datasets"
}