{
	"name": "DynamicExcelSource",
	"properties": {
		"linkedServiceName": {
			"referenceName": "AzureBlobStorage2",
			"type": "LinkedServiceReference"
		},
		"parameters": {
			"container": {
				"type": "String",
				"defaultValue": "for-development"
			},
			"folder": {
				"type": "String"
			},
			"sheet": {
				"type": "String",
				"defaultValue": "sheet1"
			},
			"filenamewithextension": {
				"type": "String"
			}
		},
		"annotations": [],
		"type": "Excel",
		"typeProperties": {
			"sheetName": {
				"value": "@dataset().sheet",
				"type": "Expression"
			},
			"location": {
				"type": "AzureBlobStorageLocation",
				"fileName": {
					"value": "@dataset().filenamewithextension",
					"type": "Expression"
				},
				"folderPath": {
					"value": "@dataset().folder",
					"type": "Expression"
				},
				"container": {
					"value": "@dataset().container",
					"type": "Expression"
				}
			},
			"firstRowAsHeader": true
		},
		"schema": []
	},
	"type": "Microsoft.DataFactory/factories/datasets"
}