{
	"name": "IngestionLandingToStaging",
	"properties": {
		"activities": [
			{
				"name": "LandingToStagingDataTransformation",
				"type": "ExecuteDataFlow",
				"dependsOn": [],
				"policy": {
					"timeout": "7.00:00:00",
					"retry": 0,
					"retryIntervalInSeconds": 30,
					"secureOutput": false,
					"secureInput": false
				},
				"userProperties": [],
				"typeProperties": {
					"dataflow": {
						"referenceName": "LandingToStagingTransformation",
						"type": "DataFlowReference",
						"parameters": {
							"FileReceivedID": "'65'"
						}
					},
					"compute": {
						"coreCount": 8,
						"computeType": "General"
					},
					"traceLevel": "Fine"
				}
			}
		],
		"annotations": []
	}
}