{
	"name": "AzureBlobStorageSourceDatasetEntity",
	"properties": {
		"linkedServiceName": {
			"referenceName": "AzureBlobStorage1",
			"type": "LinkedServiceReference"
		},
		"parameters": {
			"file_name": {
				"type": "string"
			},
			"folder_name": {
				"type": "string"
			},
			"container_name": {
				"type": "string"
			},
			"file_received_id": {
				"type": "string"
			}
		},
		"annotations": [],
		"type": "AzureBlob",
		"structure": [
			{
				"name": "Prop_0",
				"type": "String"
			},
			{
				"name": "Prop_1",
				"type": "String"
			},
			{
				"name": "Prop_2",
				"type": "String"
			},
			{
				"name": "Prop_3",
				"type": "String"
			},
			{
				"name": "Prop_4",
				"type": "String"
			},
			{
				"name": "Prop_5",
				"type": "String"
			},
			{
				"name": "Prop_6",
				"type": "String"
			},
			{
				"name": "Prop_7",
				"type": "String"
			},
			{
				"name": "Prop_8",
				"type": "String"
			},
			{
				"name": "Prop_9",
				"type": "String"
			},
			{
				"name": "file_received_id",
				"type": "Decimal"
			},
			{
				"name": "set_no",
				"type": "Decimal"
			}
		],
		"typeProperties": {
			"format": {
				"type": "TextFormat",
				"columnDelimiter": ",",
				"rowDelimiter": "",
				"treatEmptyAsNull": true,
				"skipLineCount": 0,
				"firstRowAsHeader": false
			},
			"fileName": {
				"value": "@dataset().file_name",
				"type": "Expression"
			},
			"folderPath": {
				"value": "@dataset().container_name",
				"type": "Expression"
			}
		}
	},
	"type": "Microsoft.DataFactory/factories/datasets"
}