{
	"name": "DS",
	"properties": {
		"linkedServiceName": {
			"referenceName": "AzureBlobStorage4",
			"type": "LinkedServiceReference"
		},
		"annotations": [],
		"type": "Json",
		"typeProperties": {
			"location": {
				"type": "AzureBlobStorageLocation",
				"fileName": "VojaTestJson.Json",
				"container": "for-development"
			}
		},
		"schema": {
			"type": "object",
			"properties": {
				"Prop_0": {
					"type": "string"
				},
				"Prop_1": {
					"type": "string"
				},
				"Prop_2": {
					"type": "string"
				},
				"Prop_3": {
					"type": "string"
				},
				"Prop_4": {
					"type": "string"
				},
				"Prop_5": {
					"type": "string"
				},
				"Prop_6": {
					"type": "string"
				},
				"Prop_7": {
					"type": "string"
				},
				"Prop_8": {
					"type": "null"
				},
				"Prop_9": {
					"type": "string"
				}
			}
		}
	},
	"type": "Microsoft.DataFactory/factories/datasets"
}