{
	"name": "NonVoyaIngestion",
	"properties": {
		"linkedServiceName": {
			"referenceName": "AzureBlobStorage1",
			"type": "LinkedServiceReference"
		},
		"parameters": {
			"delimiter": {
				"type": "string",
				"defaultValue": "|"
			},
			"container": {
				"type": "String",
				"defaultValue": "for-development"
			},
			"folder": {
				"type": "String",
				"defaultValue": " "
			},
			"filenamewithextenseion": {
				"type": "String",
				"defaultValue": "OMNI_201020_150334_noheader.TXT"
			}
		},
		"annotations": [],
		"type": "DelimitedText",
		"typeProperties": {
			"location": {
				"type": "AzureBlobStorageLocation",
				"fileName": {
					"value": "@dataset().filenamewithextenseion",
					"type": "Expression"
				},
				"folderPath": {
					"value": "@dataset().folder",
					"type": "Expression"
				},
				"container": {
					"value": "@dataset().container",
					"type": "Expression"
				}
			},
			"columnDelimiter": {
				"value": "@dataset().delimiter",
				"type": "Expression"
			},
			"escapeChar": "\\",
			"firstRowAsHeader": true,
			"quoteChar": "\""
		},
		"schema": [
			{
				"type": "String"
			},
			{
				"type": "String"
			},
			{
				"type": "String"
			},
			{
				"type": "String"
			},
			{
				"type": "String"
			},
			{
				"type": "String"
			},
			{
				"type": "String"
			}
		]
	},
	"type": "Microsoft.DataFactory/factories/datasets"
}