{
	"name": "PayFrequencyEnumeration",
	"properties": {
		"linkedServiceName": {
			"referenceName": "AzureBlobStorage1",
			"type": "LinkedServiceReference"
		},
		"annotations": [],
		"type": "DelimitedText",
		"typeProperties": {
			"location": {
				"type": "AzureBlobStorageLocation",
				"fileName": "Pay Frequency Enumeration.csv",
				"container": "tsm"
			},
			"columnDelimiter": ",",
			"escapeChar": "\\",
			"firstRowAsHeader": true,
			"quoteChar": "\""
		},
		"schema": [
			{
				"name": "Column_Name",
				"type": "String"
			},
			{
				"name": "Actual_value",
				"type": "String"
			},
			{
				"name": "Proposed_Value",
				"type": "String"
			}
		]
	}
}