{
	"name": "PipelineDataTransformPOC",
	"properties": {
		"description": "PipelineDataTransformPOC",
		"activities": [
			{
				"name": "LookupForSP_InsertIntoFileReceivedPaylocity",
				"description": "LookupForSP_InsertIntoFileReceivedPaylocity",
				"type": "Lookup",
				"dependsOn": [],
				"policy": {
					"timeout": "7.00:00:00",
					"retry": 0,
					"retryIntervalInSeconds": 30,
					"secureOutput": false,
					"secureInput": false
				},
				"userProperties": [],
				"typeProperties": {
					"source": {
						"type": "AzureSqlSource",
						"sqlReaderStoredProcedureName": "[dbo].[SP_InsertIntoFileReceived]",
						"storedProcedureParameters": {
							"EmailId": {
								"type": "String",
								"value": null
							},
							"FileName": {
								"type": "String",
								"value": {
									"value": "null",
									"type": "Expression"
								}
							},
							"FileType": {
								"type": "Int32",
								"value": null
							},
							"IngestionType": {
								"type": "Int32",
								"value": null
							},
							"Result": {
								"type": "Int32",
								"value": "0"
							},
							"SourceProviderName": {
								"type": "String",
								"value": null
							},
							"StorageLink": {
								"type": "String",
								"value": {
									"value": "null",
									"type": "Expression"
								}
							},
							"UserName": {
								"type": "String",
								"value": null
							}
						},
						"queryTimeout": "02:00:00",
						"partitionOption": "None"
					},
					"dataset": {
						"referenceName": "AzureSqlTable1",
						"type": "DatasetReference"
					},
					"firstRowOnly": false
				}
			}
		],
		"annotations": [],
		"lastPublishTime": "2021-01-11T15:30:02Z"
	},
	"type": "Microsoft.DataFactory/factories/pipelines"
}