{
	"name": "pipelineforFTP",
	"properties": {
		"activities": [
			{
				"name": "Copy data1",
				"type": "Copy",
				"dependsOn": [],
				"policy": {
					"timeout": "7.00:00:00",
					"retry": 0,
					"retryIntervalInSeconds": 30,
					"secureOutput": false,
					"secureInput": false
				},
				"userProperties": [
					{
						"name": "Source",
						"value": "*/*"
					},
					{
						"name": "Destination",
						"value": "azureftpdemo//"
					}
				],
				"typeProperties": {
					"source": {
						"type": "DelimitedTextSource",
						"storeSettings": {
							"type": "FtpReadSettings",
							"recursive": true,
							"wildcardFolderPath": "*",
							"wildcardFileName": "*.csv",
							"enablePartitionDiscovery": false,
							"useBinaryTransfer": false
						},
						"formatSettings": {
							"type": "DelimitedTextReadSettings"
						}
					},
					"sink": {
						"type": "DelimitedTextSink",
						"storeSettings": {
							"type": "AzureBlobStorageWriteSettings",
							"maxConcurrentConnections": 0,
							"copyBehavior": "PreserveHierarchy"
						},
						"formatSettings": {
							"type": "DelimitedTextWriteSettings",
							"quoteAllText": true,
							"fileExtension": ".csv"
						}
					},
					"enableStaging": false,
					"translator": {
						"type": "TabularTranslator",
						"typeConversion": true,
						"typeConversionSettings": {
							"allowDataTruncation": true,
							"treatBooleanAsNumber": false
						}
					}
				},
				"inputs": [
					{
						"referenceName": "DelimitedText1",
						"type": "DatasetReference"
					}
				],
				"outputs": [
					{
						"referenceName": "Azureftpblob",
						"type": "DatasetReference"
					}
				]
			}
		],
		"concurrency": 5,
		"annotations": [],
		"lastPublishTime": "2021-01-11T08:00:58Z"
	},
	"type": "Microsoft.DataFactory/factories/pipelines"
}