{
	"name": "TransormationAndValidation",
	"properties": {
		"activities": [
			{
				"name": "ValidationFlow",
				"type": "ExecuteDataFlow",
				"dependsOn": [
					{
						"activity": "Transormation Data flow",
						"dependencyConditions": [
							"Succeeded"
						]
					}
				],
				"policy": {
					"timeout": "7.00:00:00",
					"retry": 0,
					"retryIntervalInSeconds": 30,
					"secureOutput": false,
					"secureInput": false
				},
				"userProperties": [],
				"typeProperties": {
					"dataflow": {
						"referenceName": "LandingToStagingDataValidation",
						"type": "DataFlowReference",
						"parameters": {
							"FileReceivedID": {
								"value": "'@{pipeline().parameters.FileReceivedID}'",
								"type": "Expression"
							}
						}
					},
					"compute": {
						"coreCount": 80,
						"computeType": "MemoryOptimized"
					},
					"traceLevel": "Fine"
				}
			},
			{
				"name": "Transormation Data flow",
				"type": "ExecuteDataFlow",
				"dependsOn": [
					{
						"activity": "PretransformAmountValidation",
						"dependencyConditions": [
							"Succeeded"
						]
					}
				],
				"policy": {
					"timeout": "7.00:00:00",
					"retry": 0,
					"retryIntervalInSeconds": 30,
					"secureOutput": false,
					"secureInput": false
				},
				"userProperties": [],
				"typeProperties": {
					"dataflow": {
						"referenceName": "LandingToStagingTransformation",
						"type": "DataFlowReference",
						"parameters": {
							"FileReceivedID": {
								"value": "'@{pipeline().parameters.FileReceivedID}'",
								"type": "Expression"
							}
						}
					},
					"compute": {
						"coreCount": 80,
						"computeType": "MemoryOptimized"
					},
					"traceLevel": "Fine"
				}
			},
			{
				"name": "CopyFromTempToStaging",
				"type": "Copy",
				"dependsOn": [
					{
						"activity": "UpdateStatusInLandingTable",
						"dependencyConditions": [
							"Succeeded"
						]
					}
				],
				"policy": {
					"timeout": "7.00:00:00",
					"retry": 0,
					"retryIntervalInSeconds": 30,
					"secureOutput": false,
					"secureInput": false
				},
				"userProperties": [],
				"typeProperties": {
					"source": {
						"type": "AzureSqlSource",
						"sqlReaderStoredProcedureName": "[dbo].[SP_Select_Formatted_Data]",
						"storedProcedureParameters": {
							"FileReceivedID": {
								"type": "String",
								"value": {
									"value": "@pipeline().parameters.FileReceivedID",
									"type": "Expression"
								}
							}
						},
						"queryTimeout": "02:00:00",
						"partitionOption": "None"
					},
					"sink": {
						"type": "AzureSqlSink"
					},
					"enableStaging": false,
					"translator": {
						"type": "TabularTranslator",
						"mappings": [
							{
								"source": {
									"name": "Landing_Contribution_Data_ID",
									"type": "Int64",
									"physicalType": "bigint"
								},
								"sink": {
									"name": "Landing_Contribution_Data_ID",
									"type": "Int64",
									"physicalType": "bigint"
								}
							},
							{
								"source": {
									"name": "File_received_ID",
									"type": "Int32",
									"physicalType": "int"
								},
								"sink": {
									"name": "File_received_ID",
									"type": "Int32",
									"physicalType": "int"
								}
							},
							{
								"source": {
									"name": "Inbound_File_Setup_ID",
									"type": "Int32",
									"physicalType": "int"
								},
								"sink": {
									"name": "Inbound_File_Setup_ID",
									"type": "Int32",
									"physicalType": "int"
								}
							},
							{
								"source": {
									"name": "Company_Code",
									"type": "String",
									"physicalType": "varchar"
								},
								"sink": {
									"name": "Company_Code",
									"type": "String",
									"physicalType": "varchar"
								}
							},
							{
								"source": {
									"name": "Check_Date",
									"type": "DateTime",
									"physicalType": "date"
								},
								"sink": {
									"name": "Check_Date",
									"type": "DateTime",
									"physicalType": "date"
								}
							},
							{
								"source": {
									"name": "SSN",
									"type": "String",
									"physicalType": "varchar"
								},
								"sink": {
									"name": "SSN",
									"type": "String",
									"physicalType": "varchar"
								}
							},
							{
								"source": {
									"name": "First_Name",
									"type": "String",
									"physicalType": "varchar"
								},
								"sink": {
									"name": "First_Name",
									"type": "String",
									"physicalType": "varchar"
								}
							},
							{
								"source": {
									"name": "Middle_Name",
									"type": "String",
									"physicalType": "varchar"
								},
								"sink": {
									"name": "Middle_Name",
									"type": "String",
									"physicalType": "varchar"
								}
							},
							{
								"source": {
									"name": "Last_Name",
									"type": "String",
									"physicalType": "varchar"
								},
								"sink": {
									"name": "Last_Name",
									"type": "String",
									"physicalType": "varchar"
								}
							},
							{
								"source": {
									"name": "Title",
									"type": "String",
									"physicalType": "varchar"
								},
								"sink": {
									"name": "Title",
									"type": "String",
									"physicalType": "varchar"
								}
							},
							{
								"source": {
									"name": "Employee_ID",
									"type": "String",
									"physicalType": "varchar"
								},
								"sink": {
									"name": "Employee_ID",
									"type": "String",
									"physicalType": "varchar"
								}
							},
							{
								"source": {
									"name": "Gender",
									"type": "String",
									"physicalType": "varchar"
								},
								"sink": {
									"name": "Gender",
									"type": "String",
									"physicalType": "varchar"
								}
							},
							{
								"source": {
									"name": "Employee_Status",
									"type": "String",
									"physicalType": "varchar"
								},
								"sink": {
									"name": "Employee_Status",
									"type": "String",
									"physicalType": "varchar"
								}
							},
							{
								"source": {
									"name": "Marital_Status",
									"type": "String",
									"physicalType": "varchar"
								},
								"sink": {
									"name": "Marital_Status",
									"type": "String",
									"physicalType": "varchar"
								}
							},
							{
								"source": {
									"name": "Division_Code",
									"type": "String",
									"physicalType": "varchar"
								},
								"sink": {
									"name": "Division_Code",
									"type": "String",
									"physicalType": "varchar"
								}
							},
							{
								"source": {
									"name": "Union_Status",
									"type": "String",
									"physicalType": "varchar"
								},
								"sink": {
									"name": "Union_Status",
									"type": "String",
									"physicalType": "varchar"
								}
							},
							{
								"source": {
									"name": "Address_1",
									"type": "String",
									"physicalType": "varchar"
								},
								"sink": {
									"name": "Address_1",
									"type": "String",
									"physicalType": "varchar"
								}
							},
							{
								"source": {
									"name": "Address_2",
									"type": "String",
									"physicalType": "varchar"
								},
								"sink": {
									"name": "Address_2",
									"type": "String",
									"physicalType": "varchar"
								}
							},
							{
								"source": {
									"name": "City",
									"type": "String",
									"physicalType": "varchar"
								},
								"sink": {
									"name": "City",
									"type": "String",
									"physicalType": "varchar"
								}
							},
							{
								"source": {
									"name": "State",
									"type": "String",
									"physicalType": "varchar"
								},
								"sink": {
									"name": "State",
									"type": "String",
									"physicalType": "varchar"
								}
							},
							{
								"source": {
									"name": "Zip",
									"type": "String",
									"physicalType": "varchar"
								},
								"sink": {
									"name": "Zip",
									"type": "String",
									"physicalType": "varchar"
								}
							},
							{
								"source": {
									"name": "Birth_Date",
									"type": "DateTime",
									"physicalType": "date"
								},
								"sink": {
									"name": "Birth_Date",
									"type": "DateTime",
									"physicalType": "date"
								}
							},
							{
								"source": {
									"name": "Hire_Date",
									"type": "DateTime",
									"physicalType": "date"
								},
								"sink": {
									"name": "Hire_Date",
									"type": "DateTime",
									"physicalType": "date"
								}
							},
							{
								"source": {
									"name": "Termination_Date",
									"type": "DateTime",
									"physicalType": "date"
								},
								"sink": {
									"name": "Termination_Date",
									"type": "DateTime",
									"physicalType": "date"
								}
							},
							{
								"source": {
									"name": "Rehire_Date",
									"type": "DateTime",
									"physicalType": "date"
								},
								"sink": {
									"name": "Rehire_Date",
									"type": "DateTime",
									"physicalType": "date"
								}
							},
							{
								"source": {
									"name": "Gross_Earnings",
									"type": "Decimal",
									"physicalType": "decimal",
									"scale": 2,
									"precision": 18
								},
								"sink": {
									"name": "Gross_Earnings",
									"type": "Decimal",
									"physicalType": "decimal",
									"scale": 2,
									"precision": 18
								}
							},
							{
								"source": {
									"name": "Pay_Period_Hours",
									"type": "Decimal",
									"physicalType": "decimal",
									"scale": 2,
									"precision": 18
								},
								"sink": {
									"name": "Pay_Period_Hours",
									"type": "Decimal",
									"physicalType": "decimal",
									"scale": 2,
									"precision": 18
								}
							},
							{
								"source": {
									"name": "Employee_Deferral",
									"type": "Decimal",
									"physicalType": "decimal",
									"scale": 2,
									"precision": 18
								},
								"sink": {
									"name": "Employee_Deferral",
									"type": "Decimal",
									"physicalType": "decimal",
									"scale": 2,
									"precision": 18
								}
							},
							{
								"source": {
									"name": "Employee_Roth",
									"type": "Decimal",
									"physicalType": "decimal",
									"scale": 2,
									"precision": 18
								},
								"sink": {
									"name": "Employee_Roth",
									"type": "Decimal",
									"physicalType": "decimal",
									"scale": 2,
									"precision": 18
								}
							},
							{
								"source": {
									"name": "Loan_Payments",
									"type": "Decimal",
									"physicalType": "decimal",
									"scale": 2,
									"precision": 18
								},
								"sink": {
									"name": "Loan_Payments",
									"type": "Decimal",
									"physicalType": "decimal",
									"scale": 2,
									"precision": 18
								}
							},
							{
								"source": {
									"name": "Employee_After_Tax",
									"type": "Decimal",
									"physicalType": "decimal",
									"scale": 2,
									"precision": 18
								},
								"sink": {
									"name": "Employee_After_Tax",
									"type": "Decimal",
									"physicalType": "decimal",
									"scale": 2,
									"precision": 18
								}
							},
							{
								"source": {
									"name": "Employer_Match",
									"type": "Decimal",
									"physicalType": "decimal",
									"scale": 2,
									"precision": 18
								},
								"sink": {
									"name": "Employer_Match",
									"type": "Decimal",
									"physicalType": "decimal",
									"scale": 2,
									"precision": 18
								}
							},
							{
								"source": {
									"name": "Safe_Harbor_Match",
									"type": "Decimal",
									"physicalType": "decimal",
									"scale": 2,
									"precision": 18
								},
								"sink": {
									"name": "Safe_Harbor_Match",
									"type": "Decimal",
									"physicalType": "decimal",
									"scale": 2,
									"precision": 18
								}
							},
							{
								"source": {
									"name": "Safe_Harbor_Non_Elective",
									"type": "Decimal",
									"physicalType": "decimal",
									"scale": 2,
									"precision": 18
								},
								"sink": {
									"name": "Safe_Harbor_Non_Elective",
									"type": "Decimal",
									"physicalType": "decimal",
									"scale": 2,
									"precision": 18
								}
							},
							{
								"source": {
									"name": "Qualified_Matching_Contribution",
									"type": "Decimal",
									"physicalType": "decimal",
									"scale": 2,
									"precision": 18
								},
								"sink": {
									"name": "Qualified_Matching_Contribution",
									"type": "Decimal",
									"physicalType": "decimal",
									"scale": 2,
									"precision": 18
								}
							},
							{
								"source": {
									"name": "Qualified_Non_Elective_Contribution",
									"type": "Decimal",
									"physicalType": "decimal",
									"scale": 2,
									"precision": 18
								},
								"sink": {
									"name": "Qualified_Non_Elective_Contribution",
									"type": "Decimal",
									"physicalType": "decimal",
									"scale": 2,
									"precision": 18
								}
							},
							{
								"source": {
									"name": "Profit_Sharing",
									"type": "Decimal",
									"physicalType": "decimal",
									"scale": 2,
									"precision": 18
								},
								"sink": {
									"name": "Profit_Sharing",
									"type": "Decimal",
									"physicalType": "decimal",
									"scale": 2,
									"precision": 18
								}
							},
							{
								"source": {
									"name": "Money_Purchase",
									"type": "Decimal",
									"physicalType": "decimal",
									"scale": 2,
									"precision": 18
								},
								"sink": {
									"name": "Money_Purchase",
									"type": "Decimal",
									"physicalType": "decimal",
									"scale": 2,
									"precision": 18
								}
							},
							{
								"source": {
									"name": "Pay_Frequency",
									"type": "String",
									"physicalType": "varchar"
								},
								"sink": {
									"name": "Pay_Frequency",
									"type": "String",
									"physicalType": "varchar"
								}
							},
							{
								"source": {
									"name": "Email",
									"type": "String",
									"physicalType": "varchar"
								},
								"sink": {
									"name": "Email",
									"type": "String",
									"physicalType": "varchar"
								}
							},
							{
								"source": {
									"name": "Phone_Number",
									"type": "String",
									"physicalType": "varchar"
								},
								"sink": {
									"name": "Phone_Number",
									"type": "String",
									"physicalType": "varchar"
								}
							},
							{
								"source": {
									"name": "Pay_Type",
									"type": "String",
									"physicalType": "varchar"
								},
								"sink": {
									"name": "Pay_Type",
									"type": "String",
									"physicalType": "varchar"
								}
							},
							{
								"source": {
									"name": "Adjusted_Seniority_Date",
									"type": "DateTime",
									"physicalType": "date"
								},
								"sink": {
									"name": "Adjusted_Seniority_Date",
									"type": "DateTime",
									"physicalType": "date"
								}
							},
							{
								"source": {
									"name": "Leave_Of_Absence_Begin_Date",
									"type": "DateTime",
									"physicalType": "datetime"
								},
								"sink": {
									"name": "Leave_Of_Absence_Begin_Date",
									"type": "DateTime",
									"physicalType": "datetime"
								}
							},
							{
								"source": {
									"name": "Leave_Of_Absence_End_Date",
									"type": "DateTime",
									"physicalType": "datetime"
								},
								"sink": {
									"name": "Leave_Of_Absence_End_Date",
									"type": "DateTime",
									"physicalType": "datetime"
								}
							},
							{
								"source": {
									"name": "Payroll_Begin_Date",
									"type": "DateTime",
									"physicalType": "date"
								},
								"sink": {
									"name": "Payroll_Begin_Date",
									"type": "DateTime",
									"physicalType": "date"
								}
							},
							{
								"source": {
									"name": "Payroll_End_Date",
									"type": "DateTime",
									"physicalType": "date"
								},
								"sink": {
									"name": "Payroll_End_Date",
									"type": "DateTime",
									"physicalType": "date"
								}
							},
							{
								"source": {
									"name": "Cost_Center_1_Code",
									"type": "String",
									"physicalType": "varchar"
								},
								"sink": {
									"name": "Cost_Center_1_Code",
									"type": "String",
									"physicalType": "varchar"
								}
							},
							{
								"source": {
									"name": "Cost_Center_2_Code",
									"type": "String",
									"physicalType": "varchar"
								},
								"sink": {
									"name": "Cost_Center_2_Code",
									"type": "String",
									"physicalType": "varchar"
								}
							},
							{
								"source": {
									"name": "Cost_Center_3_Code",
									"type": "String",
									"physicalType": "varchar"
								},
								"sink": {
									"name": "Cost_Center_3_Code",
									"type": "String",
									"physicalType": "varchar"
								}
							},
							{
								"source": {
									"name": "Plan_Earnings",
									"type": "Decimal",
									"physicalType": "decimal",
									"scale": 2,
									"precision": 18
								},
								"sink": {
									"name": "Plan_Earnings",
									"type": "Decimal",
									"physicalType": "decimal",
									"scale": 2,
									"precision": 18
								}
							},
							{
								"source": {
									"name": "Excluded_Earnings",
									"type": "Decimal",
									"physicalType": "decimal",
									"scale": 2,
									"precision": 18
								},
								"sink": {
									"name": "Excluded_Earnings",
									"type": "Decimal",
									"physicalType": "decimal",
									"scale": 2,
									"precision": 18
								}
							},
							{
								"source": {
									"name": "Section_125",
									"type": "String",
									"physicalType": "varchar"
								},
								"sink": {
									"name": "Section_125",
									"type": "String",
									"physicalType": "varchar"
								}
							},
							{
								"source": {
									"name": "Loan_Additional_Principal_Payments",
									"type": "Decimal",
									"physicalType": "decimal",
									"scale": 2,
									"precision": 18
								},
								"sink": {
									"name": "Loan_Additional_Principal_Payments",
									"type": "Decimal",
									"physicalType": "decimal",
									"scale": 2,
									"precision": 18
								}
							},
							{
								"source": {
									"name": "Loan_Number",
									"type": "Int64",
									"physicalType": "bigint"
								},
								"sink": {
									"name": "Loan_Number",
									"type": "Int64",
									"physicalType": "bigint"
								}
							},
							{
								"source": {
									"name": "Rollover",
									"type": "Decimal",
									"physicalType": "decimal",
									"scale": 2,
									"precision": 18
								},
								"sink": {
									"name": "Rollover",
									"type": "Decimal",
									"physicalType": "decimal",
									"scale": 2,
									"precision": 18
								}
							},
							{
								"source": {
									"name": "Rollover_Roth",
									"type": "Decimal",
									"physicalType": "decimal",
									"scale": 2,
									"precision": 18
								},
								"sink": {
									"name": "Rollover_Roth",
									"type": "Decimal",
									"physicalType": "decimal",
									"scale": 2,
									"precision": 18
								}
							},
							{
								"source": {
									"name": "YTD_Gross_Earnings",
									"type": "Decimal",
									"physicalType": "decimal",
									"scale": 2,
									"precision": 18
								},
								"sink": {
									"name": "YTD_Gross_Earnings",
									"type": "Decimal",
									"physicalType": "decimal",
									"scale": 2,
									"precision": 18
								}
							},
							{
								"source": {
									"name": "Plan_YTD_Earnings",
									"type": "Decimal",
									"physicalType": "decimal",
									"scale": 2,
									"precision": 18
								},
								"sink": {
									"name": "Plan_YTD_Earnings",
									"type": "Decimal",
									"physicalType": "decimal",
									"scale": 2,
									"precision": 18
								}
							},
							{
								"source": {
									"name": "Plan_YTD_Hours",
									"type": "Decimal",
									"physicalType": "decimal",
									"scale": 2,
									"precision": 18
								},
								"sink": {
									"name": "Plan_YTD_Hours",
									"type": "Decimal",
									"physicalType": "decimal",
									"scale": 2,
									"precision": 18
								}
							},
							{
								"source": {
									"name": "Plan_YTD_Excluded_Earnings",
									"type": "Decimal",
									"physicalType": "decimal",
									"scale": 2,
									"precision": 18
								},
								"sink": {
									"name": "Plan_YTD_Excluded_Earnings",
									"type": "Decimal",
									"physicalType": "decimal",
									"scale": 2,
									"precision": 18
								}
							},
							{
								"source": {
									"name": "Plan_YTD_Section_125",
									"type": "String",
									"physicalType": "varchar"
								},
								"sink": {
									"name": "Plan_YTD_Section_125",
									"type": "String",
									"physicalType": "varchar"
								}
							},
							{
								"source": {
									"name": "Plan_YTD_Employee_Deferral",
									"type": "Decimal",
									"physicalType": "decimal",
									"scale": 2,
									"precision": 18
								},
								"sink": {
									"name": "Plan_YTD_Employee_Deferral",
									"type": "Decimal",
									"physicalType": "decimal",
									"scale": 2,
									"precision": 18
								}
							},
							{
								"source": {
									"name": "Plan_YTD_Employee_Roth",
									"type": "Decimal",
									"physicalType": "decimal",
									"scale": 2,
									"precision": 18
								},
								"sink": {
									"name": "Plan_YTD_Employee_Roth",
									"type": "Decimal",
									"physicalType": "decimal",
									"scale": 2,
									"precision": 18
								}
							},
							{
								"source": {
									"name": "Plan_YTD_Employee_After_Tax",
									"type": "Decimal",
									"physicalType": "decimal",
									"scale": 2,
									"precision": 18
								},
								"sink": {
									"name": "Plan_YTD_Employee_After_Tax",
									"type": "Decimal",
									"physicalType": "decimal",
									"scale": 2,
									"precision": 18
								}
							},
							{
								"source": {
									"name": "Plan_YTD_Loan_Payments",
									"type": "Decimal",
									"physicalType": "decimal",
									"scale": 2,
									"precision": 18
								},
								"sink": {
									"name": "Plan_YTD_Loan_Payments",
									"type": "Decimal",
									"physicalType": "decimal",
									"scale": 2,
									"precision": 18
								}
							},
							{
								"source": {
									"name": "Plan_YTD_Loan_Number",
									"type": "Int64",
									"physicalType": "bigint"
								},
								"sink": {
									"name": "Plan_YTD_Loan_Number",
									"type": "Int64",
									"physicalType": "bigint"
								}
							},
							{
								"source": {
									"name": "Plan_YTD_Employer_Match",
									"type": "Decimal",
									"physicalType": "decimal",
									"scale": 2,
									"precision": 18
								},
								"sink": {
									"name": "Plan_YTD_Employer_Match",
									"type": "Decimal",
									"physicalType": "decimal",
									"scale": 2,
									"precision": 18
								}
							},
							{
								"source": {
									"name": "Plan_YTD_Safe_Harbor_Match",
									"type": "Decimal",
									"physicalType": "decimal",
									"scale": 2,
									"precision": 18
								},
								"sink": {
									"name": "Plan_YTD_Safe_Harbor_Match",
									"type": "Decimal",
									"physicalType": "decimal",
									"scale": 2,
									"precision": 18
								}
							},
							{
								"source": {
									"name": "Plan_YTD_Qualified_Matching_Contribution",
									"type": "Decimal",
									"physicalType": "decimal",
									"scale": 2,
									"precision": 18
								},
								"sink": {
									"name": "Plan_YTD_Qualified_Matching_Contribution",
									"type": "Decimal",
									"physicalType": "decimal",
									"scale": 2,
									"precision": 18
								}
							},
							{
								"source": {
									"name": "Plan_YTD_Safe_Harbor_Non_Elective",
									"type": "Decimal",
									"physicalType": "decimal",
									"scale": 2,
									"precision": 18
								},
								"sink": {
									"name": "Plan_YTD_Safe_Harbor_Non_Elective",
									"type": "Decimal",
									"physicalType": "decimal",
									"scale": 2,
									"precision": 18
								}
							},
							{
								"source": {
									"name": "Plan_YTD_Qualified_Non_Elective_Contribution",
									"type": "Decimal",
									"physicalType": "decimal",
									"scale": 2,
									"precision": 18
								},
								"sink": {
									"name": "Plan_YTD_Qualified_Non_Elective_Contribution",
									"type": "Decimal",
									"physicalType": "decimal",
									"scale": 2,
									"precision": 18
								}
							},
							{
								"source": {
									"name": "Plan_YTD_Profit_Sharing",
									"type": "Decimal",
									"physicalType": "decimal",
									"scale": 2,
									"precision": 18
								},
								"sink": {
									"name": "Plan_YTD_Profit_Sharing",
									"type": "Decimal",
									"physicalType": "decimal",
									"scale": 2,
									"precision": 18
								}
							},
							{
								"source": {
									"name": "Plan_YTD_Money_Purchase",
									"type": "Decimal",
									"physicalType": "decimal",
									"scale": 2,
									"precision": 18
								},
								"sink": {
									"name": "Plan_YTD_Money_Purchase",
									"type": "Decimal",
									"physicalType": "decimal",
									"scale": 2,
									"precision": 18
								}
							},
							{
								"source": {
									"name": "Plan_YTD_Rollover",
									"type": "Decimal",
									"physicalType": "decimal",
									"scale": 2,
									"precision": 18
								},
								"sink": {
									"name": "Plan_YTD_Rollover",
									"type": "Decimal",
									"physicalType": "decimal",
									"scale": 2,
									"precision": 18
								}
							},
							{
								"source": {
									"name": "Plan_YTD_Rollover_Roth",
									"type": "Decimal",
									"physicalType": "decimal",
									"scale": 2,
									"precision": 18
								},
								"sink": {
									"name": "Plan_YTD_Rollover_Roth",
									"type": "Decimal",
									"physicalType": "decimal",
									"scale": 2,
									"precision": 18
								}
							},
							{
								"source": {
									"name": "Plan_ID",
									"type": "String",
									"physicalType": "varchar"
								},
								"sink": {
									"name": "Plan_ID",
									"type": "String",
									"physicalType": "varchar"
								}
							},
							{
								"source": {
									"name": "Plan_Name",
									"type": "String",
									"physicalType": "varchar"
								},
								"sink": {
									"name": "Plan_Name",
									"type": "String",
									"physicalType": "varchar"
								}
							},
							{
								"source": {
									"name": "Investment_Election",
									"type": "String",
									"physicalType": "varchar"
								},
								"sink": {
									"name": "Investment_Election",
									"type": "String",
									"physicalType": "varchar"
								}
							},
							{
								"source": {
									"name": "Investment_Change_Date",
									"type": "DateTime",
									"physicalType": "date"
								},
								"sink": {
									"name": "Investment_Change_Date",
									"type": "DateTime",
									"physicalType": "date"
								}
							},
							{
								"source": {
									"name": "Recipient_Vendor_Plan_ID",
									"type": "String",
									"physicalType": "varchar"
								},
								"sink": {
									"name": "Recipient_Vendor_Plan_ID",
									"type": "String",
									"physicalType": "varchar"
								}
							},
							{
								"source": {
									"name": "Detail",
									"type": "String",
									"physicalType": "varchar"
								},
								"sink": {
									"name": "Detail",
									"type": "String",
									"physicalType": "varchar"
								}
							},
							{
								"source": {
									"name": "Employer_EIN",
									"type": "Int32",
									"physicalType": "int"
								},
								"sink": {
									"name": "Employer_EIN",
									"type": "Int32",
									"physicalType": "int"
								}
							},
							{
								"source": {
									"name": "Employer_Name",
									"type": "String",
									"physicalType": "varchar"
								},
								"sink": {
									"name": "Employer_Name",
									"type": "String",
									"physicalType": "varchar"
								}
							},
							{
								"source": {
									"name": "Employer_Plan_ID",
									"type": "Int32",
									"physicalType": "int"
								},
								"sink": {
									"name": "Employer_Plan_ID",
									"type": "Int32",
									"physicalType": "int"
								}
							},
							{
								"source": {
									"name": "Employer_Sub_Plan_ID",
									"type": "Int32",
									"physicalType": "int"
								},
								"sink": {
									"name": "Employer_Sub_Plan_ID",
									"type": "Int32",
									"physicalType": "int"
								}
							},
							{
								"source": {
									"name": "Originating_Vendor_ID",
									"type": "Int32",
									"physicalType": "int"
								},
								"sink": {
									"name": "Originating_Vendor_ID",
									"type": "Int32",
									"physicalType": "int"
								}
							},
							{
								"source": {
									"name": "Originating_Vendor_Sub_Plan_ID",
									"type": "Int32",
									"physicalType": "int"
								},
								"sink": {
									"name": "Originating_Vendor_Sub_Plan_ID",
									"type": "Int32",
									"physicalType": "int"
								}
							},
							{
								"source": {
									"name": "Recipient_Vendor_Sub_Plan_ID",
									"type": "Int32",
									"physicalType": "int"
								},
								"sink": {
									"name": "Recipient_Vendor_Sub_Plan_ID",
									"type": "Int32",
									"physicalType": "int"
								}
							},
							{
								"source": {
									"name": "Type_of_Account",
									"type": "String",
									"physicalType": "varchar"
								},
								"sink": {
									"name": "Type_of_Account",
									"type": "String",
									"physicalType": "varchar"
								}
							},
							{
								"source": {
									"name": "HR_Area_Or_Location_Code",
									"type": "String",
									"physicalType": "varchar"
								},
								"sink": {
									"name": "HR_Area_Or_Location_Code",
									"type": "String",
									"physicalType": "varchar"
								}
							},
							{
								"source": {
									"name": "HR_Sub_Area",
									"type": "String",
									"physicalType": "varchar"
								},
								"sink": {
									"name": "HR_Sub_Area",
									"type": "String",
									"physicalType": "varchar"
								}
							},
							{
								"source": {
									"name": "Adjusted_Date_of_Hire",
									"type": "DateTime",
									"physicalType": "date"
								},
								"sink": {
									"name": "Adjusted_Date_of_Hire",
									"type": "DateTime",
									"physicalType": "date"
								}
							},
							{
								"source": {
									"name": "Payroll_Mode",
									"type": "String",
									"physicalType": "varchar"
								},
								"sink": {
									"name": "Payroll_Mode",
									"type": "String",
									"physicalType": "varchar"
								}
							},
							{
								"source": {
									"name": "Contribution_Source_Code_1",
									"type": "String",
									"physicalType": "varchar"
								},
								"sink": {
									"name": "Contribution_Source_Code_1",
									"type": "String",
									"physicalType": "varchar"
								}
							},
							{
								"source": {
									"name": "Contribution_Source_Amount_1",
									"type": "Decimal",
									"physicalType": "decimal",
									"scale": 2,
									"precision": 18
								},
								"sink": {
									"name": "Contribution_Source_Amount_1",
									"type": "Decimal",
									"physicalType": "decimal",
									"scale": 2,
									"precision": 18
								}
							},
							{
								"source": {
									"name": "Contribution_Source_Code_2",
									"type": "String",
									"physicalType": "varchar"
								},
								"sink": {
									"name": "Contribution_Source_Code_2",
									"type": "String",
									"physicalType": "varchar"
								}
							},
							{
								"source": {
									"name": "Contribution_Source_Amount_2",
									"type": "Decimal",
									"physicalType": "decimal",
									"scale": 2,
									"precision": 18
								},
								"sink": {
									"name": "Contribution_Source_Amount_2",
									"type": "Decimal",
									"physicalType": "decimal",
									"scale": 2,
									"precision": 18
								}
							},
							{
								"source": {
									"name": "Contribution_Source_Code_3",
									"type": "String",
									"physicalType": "varchar"
								},
								"sink": {
									"name": "Contribution_Source_Code_3",
									"type": "String",
									"physicalType": "varchar"
								}
							},
							{
								"source": {
									"name": "Contribution_Source_Amount_3",
									"type": "Decimal",
									"physicalType": "decimal",
									"scale": 2,
									"precision": 18
								},
								"sink": {
									"name": "Contribution_Source_Amount_3",
									"type": "Decimal",
									"physicalType": "decimal",
									"scale": 2,
									"precision": 18
								}
							},
							{
								"source": {
									"name": "Contribution_Source_Code_4",
									"type": "String",
									"physicalType": "varchar"
								},
								"sink": {
									"name": "Contribution_Source_Code_4",
									"type": "String",
									"physicalType": "varchar"
								}
							},
							{
								"source": {
									"name": "Contribution_Source_Amount_4",
									"type": "Decimal",
									"physicalType": "decimal",
									"scale": 2,
									"precision": 18
								},
								"sink": {
									"name": "Contribution_Source_Amount_4",
									"type": "Decimal",
									"physicalType": "decimal",
									"scale": 2,
									"precision": 18
								}
							},
							{
								"source": {
									"name": "Contribution_Source_Code_5",
									"type": "String",
									"physicalType": "varchar"
								},
								"sink": {
									"name": "Contribution_Source_Code_5",
									"type": "String",
									"physicalType": "varchar"
								}
							},
							{
								"source": {
									"name": "Contribution_Source_Amount_5",
									"type": "Decimal",
									"physicalType": "decimal",
									"scale": 2,
									"precision": 18
								},
								"sink": {
									"name": "Contribution_Source_Amount_5",
									"type": "Decimal",
									"physicalType": "decimal",
									"scale": 2,
									"precision": 18
								}
							},
							{
								"source": {
									"name": "Contribution_Source_Code_6",
									"type": "String",
									"physicalType": "varchar"
								},
								"sink": {
									"name": "Contribution_Source_Code_6",
									"type": "String",
									"physicalType": "varchar"
								}
							},
							{
								"source": {
									"name": "Contribution_Source_Amount_6",
									"type": "Decimal",
									"physicalType": "decimal",
									"scale": 2,
									"precision": 18
								},
								"sink": {
									"name": "Contribution_Source_Amount_6",
									"type": "Decimal",
									"physicalType": "decimal",
									"scale": 2,
									"precision": 18
								}
							},
							{
								"source": {
									"name": "Contribution_Source_Code_7",
									"type": "String",
									"physicalType": "varchar"
								},
								"sink": {
									"name": "Contribution_Source_Code_7",
									"type": "String",
									"physicalType": "varchar"
								}
							},
							{
								"source": {
									"name": "Contribution_Source_Amount_7",
									"type": "Decimal",
									"physicalType": "decimal",
									"scale": 2,
									"precision": 18
								},
								"sink": {
									"name": "Contribution_Source_Amount_7",
									"type": "Decimal",
									"physicalType": "decimal",
									"scale": 2,
									"precision": 18
								}
							},
							{
								"source": {
									"name": "Contribution_Source_Code_8",
									"type": "String",
									"physicalType": "varchar"
								},
								"sink": {
									"name": "Contribution_Source_Code_8",
									"type": "String",
									"physicalType": "varchar"
								}
							},
							{
								"source": {
									"name": "Contribution_Source_Amount_8",
									"type": "Decimal",
									"physicalType": "decimal",
									"scale": 2,
									"precision": 18
								},
								"sink": {
									"name": "Contribution_Source_Amount_8",
									"type": "Decimal",
									"physicalType": "decimal",
									"scale": 2,
									"precision": 18
								}
							},
							{
								"source": {
									"name": "Final_Contribution_Indicator",
									"type": "String",
									"physicalType": "varchar"
								},
								"sink": {
									"name": "Final_Contribution_Indicator",
									"type": "String",
									"physicalType": "varchar"
								}
							},
							{
								"source": {
									"name": "Loan_Number_1",
									"type": "Int64",
									"physicalType": "bigint"
								},
								"sink": {
									"name": "Loan_Number_1",
									"type": "Int64",
									"physicalType": "bigint"
								}
							},
							{
								"source": {
									"name": "Loan_Repayment_Amount_1",
									"type": "Decimal",
									"physicalType": "decimal",
									"scale": 2,
									"precision": 18
								},
								"sink": {
									"name": "Loan_Repayment_Amount_1",
									"type": "Decimal",
									"physicalType": "decimal",
									"scale": 2,
									"precision": 18
								}
							},
							{
								"source": {
									"name": "Loan_Number_2",
									"type": "Int64",
									"physicalType": "bigint"
								},
								"sink": {
									"name": "Loan_Number_2",
									"type": "Int64",
									"physicalType": "bigint"
								}
							},
							{
								"source": {
									"name": "Loan_Repayment_Amout_2",
									"type": "Decimal",
									"physicalType": "decimal",
									"scale": 2,
									"precision": 18
								},
								"sink": {
									"name": "Loan_Repayment_Amout_2",
									"type": "Decimal",
									"physicalType": "decimal",
									"scale": 2,
									"precision": 18
								}
							},
							{
								"source": {
									"name": "Loan_Number_3",
									"type": "Int64",
									"physicalType": "bigint"
								},
								"sink": {
									"name": "Loan_Number_3",
									"type": "Int64",
									"physicalType": "bigint"
								}
							},
							{
								"source": {
									"name": "Loan_Repayment_Amount_3",
									"type": "Decimal",
									"physicalType": "decimal",
									"scale": 2,
									"precision": 18
								},
								"sink": {
									"name": "Loan_Repayment_Amount_3",
									"type": "Decimal",
									"physicalType": "decimal",
									"scale": 2,
									"precision": 18
								}
							},
							{
								"source": {
									"name": "Loan_Number_4",
									"type": "Int64",
									"physicalType": "bigint"
								},
								"sink": {
									"name": "Loan_Number_4",
									"type": "Int64",
									"physicalType": "bigint"
								}
							},
							{
								"source": {
									"name": "Loan_Repayment_Amount_4",
									"type": "Decimal",
									"physicalType": "decimal",
									"scale": 2,
									"precision": 18
								},
								"sink": {
									"name": "Loan_Repayment_Amount_4",
									"type": "Decimal",
									"physicalType": "decimal",
									"scale": 2,
									"precision": 18
								}
							},
							{
								"source": {
									"name": "Loan_Number_5",
									"type": "Int64",
									"physicalType": "bigint"
								},
								"sink": {
									"name": "Loan_Number_5",
									"type": "Int64",
									"physicalType": "bigint"
								}
							},
							{
								"source": {
									"name": "Loan_Repayment_Amount_5",
									"type": "Decimal",
									"physicalType": "decimal",
									"scale": 2,
									"precision": 18
								},
								"sink": {
									"name": "Loan_Repayment_Amount_5",
									"type": "Decimal",
									"physicalType": "decimal",
									"scale": 2,
									"precision": 18
								}
							},
							{
								"source": {
									"name": "OMNI_Field_52",
									"type": "String",
									"physicalType": "varchar"
								},
								"sink": {
									"name": "OMNI_Field_52",
									"type": "String",
									"physicalType": "varchar"
								}
							},
							{
								"source": {
									"name": "OMNI_Field_53",
									"type": "String",
									"physicalType": "varchar"
								},
								"sink": {
									"name": "OMNI_Field_53",
									"type": "String",
									"physicalType": "varchar"
								}
							},
							{
								"source": {
									"name": "OMNI_Field_54",
									"type": "String",
									"physicalType": "varchar"
								},
								"sink": {
									"name": "OMNI_Field_54",
									"type": "String",
									"physicalType": "varchar"
								}
							},
							{
								"source": {
									"name": "OMNI_Field_55",
									"type": "String",
									"physicalType": "varchar"
								},
								"sink": {
									"name": "OMNI_Field_55",
									"type": "String",
									"physicalType": "varchar"
								}
							},
							{
								"source": {
									"name": "OMNI_Field_56",
									"type": "String",
									"physicalType": "varchar"
								},
								"sink": {
									"name": "OMNI_Field_56",
									"type": "String",
									"physicalType": "varchar"
								}
							},
							{
								"source": {
									"name": "OMNI_Field_57",
									"type": "String",
									"physicalType": "varchar"
								},
								"sink": {
									"name": "OMNI_Field_57",
									"type": "String",
									"physicalType": "varchar"
								}
							},
							{
								"source": {
									"name": "OMNI_Field_58",
									"type": "String",
									"physicalType": "varchar"
								},
								"sink": {
									"name": "OMNI_Field_58",
									"type": "String",
									"physicalType": "varchar"
								}
							},
							{
								"source": {
									"name": "OMNI_Field_59",
									"type": "String",
									"physicalType": "varchar"
								},
								"sink": {
									"name": "OMNI_Field_59",
									"type": "String",
									"physicalType": "varchar"
								}
							},
							{
								"source": {
									"name": "OMNI_Field_60",
									"type": "String",
									"physicalType": "varchar"
								},
								"sink": {
									"name": "OMNI_Field_60",
									"type": "String",
									"physicalType": "varchar"
								}
							},
							{
								"source": {
									"name": "OMNI_Field_61",
									"type": "String",
									"physicalType": "varchar"
								},
								"sink": {
									"name": "OMNI_Field_61",
									"type": "String",
									"physicalType": "varchar"
								}
							},
							{
								"source": {
									"name": "OMNI_Field_62",
									"type": "String",
									"physicalType": "varchar"
								},
								"sink": {
									"name": "OMNI_Field_62",
									"type": "String",
									"physicalType": "varchar"
								}
							},
							{
								"source": {
									"name": "OMNI_Field_63",
									"type": "String",
									"physicalType": "varchar"
								},
								"sink": {
									"name": "OMNI_Field_63",
									"type": "String",
									"physicalType": "varchar"
								}
							},
							{
								"source": {
									"name": "OMNI_Field_64",
									"type": "String",
									"physicalType": "varchar"
								},
								"sink": {
									"name": "OMNI_Field_64",
									"type": "String",
									"physicalType": "varchar"
								}
							},
							{
								"source": {
									"name": "OMNI_Field_65",
									"type": "String",
									"physicalType": "varchar"
								},
								"sink": {
									"name": "OMNI_Field_65",
									"type": "String",
									"physicalType": "varchar"
								}
							},
							{
								"source": {
									"name": "OMNI_Field_66",
									"type": "String",
									"physicalType": "varchar"
								},
								"sink": {
									"name": "OMNI_Field_66",
									"type": "String",
									"physicalType": "varchar"
								}
							},
							{
								"source": {
									"name": "OMNI_Field_67",
									"type": "String",
									"physicalType": "varchar"
								},
								"sink": {
									"name": "OMNI_Field_67",
									"type": "String",
									"physicalType": "varchar"
								}
							},
							{
								"source": {
									"name": "Record_Level_1",
									"type": "Int32",
									"physicalType": "int"
								},
								"sink": {
									"name": "Record_Level_1",
									"type": "Int32",
									"physicalType": "int"
								}
							},
							{
								"source": {
									"name": "Record_Level_1_Vendor",
									"type": "String",
									"physicalType": "varchar"
								},
								"sink": {
									"name": "Record_Level_1_Vendor",
									"type": "String",
									"physicalType": "varchar"
								}
							},
							{
								"source": {
									"name": "Record_Level_1_File_Release_Time",
									"type": "TimeSpan",
									"physicalType": "time"
								},
								"sink": {
									"name": "Record_Level_1_File_Release_Time",
									"type": "TimeSpan",
									"physicalType": "time"
								}
							},
							{
								"source": {
									"name": "Record_Level_1_Total_Amount_in_File",
									"type": "Decimal",
									"physicalType": "decimal",
									"scale": 2,
									"precision": 18
								},
								"sink": {
									"name": "Record_Level_1_Total_Amount_in_File",
									"type": "Decimal",
									"physicalType": "decimal",
									"scale": 2,
									"precision": 18
								}
							},
							{
								"source": {
									"name": "Record_Level_1_Number_of_Contributions",
									"type": "Int32",
									"physicalType": "int"
								},
								"sink": {
									"name": "Record_Level_1_Number_of_Contributions",
									"type": "Int32",
									"physicalType": "int"
								}
							},
							{
								"source": {
									"name": "Record_Level_1_Datetime",
									"type": "DateTime",
									"physicalType": "datetime"
								},
								"sink": {
									"name": "Record_Level_1_Datetime",
									"type": "DateTime",
									"physicalType": "datetime"
								}
							},
							{
								"source": {
									"name": "Record_Level_1_Number_of_Participants",
									"type": "Int32",
									"physicalType": "int"
								},
								"sink": {
									"name": "Record_Level_1_Number_of_Participants",
									"type": "Int32",
									"physicalType": "int"
								}
							},
							{
								"source": {
									"name": "Record_Level_2",
									"type": "Int32",
									"physicalType": "int"
								},
								"sink": {
									"name": "Record_Level_2",
									"type": "Int32",
									"physicalType": "int"
								}
							},
							{
								"source": {
									"name": "Record_Level_2_Plan_Name",
									"type": "String",
									"physicalType": "varchar"
								},
								"sink": {
									"name": "Record_Level_2_Plan_Name",
									"type": "String",
									"physicalType": "varchar"
								}
							},
							{
								"source": {
									"name": "Record_Level_2_Remitter_Plan_Code",
									"type": "String",
									"physicalType": "varchar"
								},
								"sink": {
									"name": "Record_Level_2_Remitter_Plan_Code",
									"type": "String",
									"physicalType": "varchar"
								}
							},
							{
								"source": {
									"name": "Record_Level_2_Column_D",
									"type": "String",
									"physicalType": "varchar"
								},
								"sink": {
									"name": "Record_Level_2_Column_D",
									"type": "String",
									"physicalType": "varchar"
								}
							},
							{
								"source": {
									"name": "Record_Level_2_Column_E",
									"type": "String",
									"physicalType": "varchar"
								},
								"sink": {
									"name": "Record_Level_2_Column_E",
									"type": "String",
									"physicalType": "varchar"
								}
							},
							{
								"source": {
									"name": "Record_Level_2_Payroll_Date",
									"type": "DateTime",
									"physicalType": "date"
								},
								"sink": {
									"name": "Record_Level_2_Payroll_Date",
									"type": "DateTime",
									"physicalType": "date"
								}
							},
							{
								"source": {
									"name": "Record_Level_2_Total_Amount_in_Plan",
									"type": "Decimal",
									"physicalType": "decimal",
									"scale": 2,
									"precision": 18
								},
								"sink": {
									"name": "Record_Level_2_Total_Amount_in_Plan",
									"type": "Decimal",
									"physicalType": "decimal",
									"scale": 2,
									"precision": 18
								}
							},
							{
								"source": {
									"name": "Record_Level_2_Number_of_Participants",
									"type": "Int32",
									"physicalType": "int"
								},
								"sink": {
									"name": "Record_Level_2_Number_of_Participants",
									"type": "Int32",
									"physicalType": "int"
								}
							},
							{
								"source": {
									"name": "Record_Level_3",
									"type": "Int32",
									"physicalType": "int"
								},
								"sink": {
									"name": "Record_Level_3",
									"type": "Int32",
									"physicalType": "int"
								}
							},
							{
								"source": {
									"name": "Record_Level_3_SSN",
									"type": "String",
									"physicalType": "varchar"
								},
								"sink": {
									"name": "Record_Level_3_SSN",
									"type": "String",
									"physicalType": "varchar"
								}
							},
							{
								"source": {
									"name": "Record_Level_3_Last_Name",
									"type": "String",
									"physicalType": "varchar"
								},
								"sink": {
									"name": "Record_Level_3_Last_Name",
									"type": "String",
									"physicalType": "varchar"
								}
							},
							{
								"source": {
									"name": "Record_Level_3_First_Name",
									"type": "String",
									"physicalType": "varchar"
								},
								"sink": {
									"name": "Record_Level_3_First_Name",
									"type": "String",
									"physicalType": "varchar"
								}
							},
							{
								"source": {
									"name": "Record_Level_3_Remitter_Plan_Code",
									"type": "String",
									"physicalType": "varchar"
								},
								"sink": {
									"name": "Record_Level_3_Remitter_Plan_Code",
									"type": "String",
									"physicalType": "varchar"
								}
							},
							{
								"source": {
									"name": "Record_Level_3_Remittance_Type",
									"type": "String",
									"physicalType": "varchar"
								},
								"sink": {
									"name": "Record_Level_3_Remittance_Type",
									"type": "String",
									"physicalType": "varchar"
								}
							},
							{
								"source": {
									"name": "Record_Level_3_Source_Code",
									"type": "String",
									"physicalType": "varchar"
								},
								"sink": {
									"name": "Record_Level_3_Source_Code",
									"type": "String",
									"physicalType": "varchar"
								}
							},
							{
								"source": {
									"name": "Record_Level_3_Number_of_Participants",
									"type": "Int32",
									"physicalType": "int"
								},
								"sink": {
									"name": "Record_Level_3_Number_of_Participants",
									"type": "Int32",
									"physicalType": "int"
								}
							},
							{
								"source": {
									"name": "Record_Level_3_Column_I",
									"type": "String",
									"physicalType": "varchar"
								},
								"sink": {
									"name": "Record_Level_3_Column_I",
									"type": "String",
									"physicalType": "varchar"
								}
							},
							{
								"source": {
									"name": "Record_Level_3_Amount",
									"type": "Decimal",
									"physicalType": "decimal",
									"scale": 2,
									"precision": 18
								},
								"sink": {
									"name": "Record_Level_3_Amount",
									"type": "Decimal",
									"physicalType": "decimal",
									"scale": 2,
									"precision": 18
								}
							},
							{
								"source": {
									"name": "Record_Level_4",
									"type": "Int32",
									"physicalType": "int"
								},
								"sink": {
									"name": "Record_Level_4",
									"type": "Int32",
									"physicalType": "int"
								}
							},
							{
								"source": {
									"name": "Record_Level_4_Plan_Name",
									"type": "String",
									"physicalType": "varchar"
								},
								"sink": {
									"name": "Record_Level_4_Plan_Name",
									"type": "String",
									"physicalType": "varchar"
								}
							},
							{
								"source": {
									"name": "Record_Level_4_Remitter_Plan_Code",
									"type": "String",
									"physicalType": "varchar"
								},
								"sink": {
									"name": "Record_Level_4_Remitter_Plan_Code",
									"type": "String",
									"physicalType": "varchar"
								}
							},
							{
								"source": {
									"name": "Record_Level_4_Column_D",
									"type": "String",
									"physicalType": "varchar"
								},
								"sink": {
									"name": "Record_Level_4_Column_D",
									"type": "String",
									"physicalType": "varchar"
								}
							},
							{
								"source": {
									"name": "Record_Level_4_Column_E",
									"type": "String",
									"physicalType": "varchar"
								},
								"sink": {
									"name": "Record_Level_4_Column_E",
									"type": "String",
									"physicalType": "varchar"
								}
							},
							{
								"source": {
									"name": "Record_Level_4_Payroll_Date",
									"type": "DateTime",
									"physicalType": "date"
								},
								"sink": {
									"name": "Record_Level_4_Payroll_Date",
									"type": "DateTime",
									"physicalType": "date"
								}
							},
							{
								"source": {
									"name": "Record_Level_4_Total_Amount_in_Plan",
									"type": "Decimal",
									"physicalType": "decimal",
									"scale": 2,
									"precision": 18
								},
								"sink": {
									"name": "Record_Level_4_Total_Amount_in_Plan",
									"type": "Decimal",
									"physicalType": "decimal",
									"scale": 2,
									"precision": 18
								}
							},
							{
								"source": {
									"name": "Record_Level_4_Number_of_Participants",
									"type": "Int32",
									"physicalType": "int"
								},
								"sink": {
									"name": "Record_Level_4_Number_of_Participants",
									"type": "Int32",
									"physicalType": "int"
								}
							},
							{
								"source": {
									"name": "Record_Level_5",
									"type": "Int32",
									"physicalType": "int"
								},
								"sink": {
									"name": "Record_Level_5",
									"type": "Int32",
									"physicalType": "int"
								}
							},
							{
								"source": {
									"name": "Record_Level_5_Vendor",
									"type": "String",
									"physicalType": "varchar"
								},
								"sink": {
									"name": "Record_Level_5_Vendor",
									"type": "String",
									"physicalType": "varchar"
								}
							},
							{
								"source": {
									"name": "Record_Level_5_File_Release_Time",
									"type": "TimeSpan",
									"physicalType": "time"
								},
								"sink": {
									"name": "Record_Level_5_File_Release_Time",
									"type": "TimeSpan",
									"physicalType": "time"
								}
							},
							{
								"source": {
									"name": "Record_Level_5_Total_Amount_in_File",
									"type": "Decimal",
									"physicalType": "decimal",
									"scale": 2,
									"precision": 18
								},
								"sink": {
									"name": "Record_Level_5_Total_Amount_in_File",
									"type": "Decimal",
									"physicalType": "decimal",
									"scale": 2,
									"precision": 18
								}
							},
							{
								"source": {
									"name": "Record_Level_5_Number_of_Contributions",
									"type": "Int32",
									"physicalType": "int"
								},
								"sink": {
									"name": "Record_Level_5_Number_of_Contributions",
									"type": "Int32",
									"physicalType": "int"
								}
							},
							{
								"source": {
									"name": "Record_Level_5_Datetime",
									"type": "DateTime",
									"physicalType": "datetime"
								},
								"sink": {
									"name": "Record_Level_5_Datetime",
									"type": "DateTime",
									"physicalType": "datetime"
								}
							},
							{
								"source": {
									"name": "Record_Level_5_Number_of_Participants",
									"type": "Int32",
									"physicalType": "int"
								},
								"sink": {
									"name": "Record_Level_5_Number_of_Participants",
									"type": "Int32",
									"physicalType": "int"
								}
							},
							{
								"source": {
									"name": "Remittance_Type",
									"type": "String",
									"physicalType": "varchar"
								},
								"sink": {
									"name": "Remittance_Type",
									"type": "String",
									"physicalType": "varchar"
								}
							},
							{
								"source": {
									"name": "Contribution_Rate",
									"type": "Decimal",
									"physicalType": "decimal",
									"scale": 2,
									"precision": 18
								},
								"sink": {
									"name": "Contribution_Rate",
									"type": "Decimal",
									"physicalType": "decimal",
									"scale": 2,
									"precision": 18
								}
							},
							{
								"source": {
									"name": "Loan_Balance",
									"type": "Decimal",
									"physicalType": "decimal",
									"scale": 2,
									"precision": 18
								},
								"sink": {
									"name": "Loan_Balance",
									"type": "Decimal",
									"physicalType": "decimal",
									"scale": 2,
									"precision": 18
								}
							},
							{
								"source": {
									"name": "Comments",
									"type": "String",
									"physicalType": "varchar"
								},
								"sink": {
									"name": "Comments",
									"type": "String",
									"physicalType": "varchar"
								}
							},
							{
								"source": {
									"name": "Header_Column_1",
									"type": "String",
									"physicalType": "varchar"
								},
								"sink": {
									"name": "Header_Column_1",
									"type": "String",
									"physicalType": "varchar"
								}
							},
							{
								"source": {
									"name": "Header_Column_2",
									"type": "String",
									"physicalType": "varchar"
								},
								"sink": {
									"name": "Header_Column_2",
									"type": "String",
									"physicalType": "varchar"
								}
							},
							{
								"source": {
									"name": "Header_Column_3",
									"type": "String",
									"physicalType": "varchar"
								},
								"sink": {
									"name": "Header_Column_3",
									"type": "String",
									"physicalType": "varchar"
								}
							},
							{
								"source": {
									"name": "Header_Column_4",
									"type": "String",
									"physicalType": "varchar"
								},
								"sink": {
									"name": "Header_Column_4",
									"type": "String",
									"physicalType": "varchar"
								}
							},
							{
								"source": {
									"name": "Header_Column_5",
									"type": "String",
									"physicalType": "varchar"
								},
								"sink": {
									"name": "Header_Column_5",
									"type": "String",
									"physicalType": "varchar"
								}
							},
							{
								"source": {
									"name": "Header_Column_6",
									"type": "String",
									"physicalType": "varchar"
								},
								"sink": {
									"name": "Header_Column_6",
									"type": "String",
									"physicalType": "varchar"
								}
							},
							{
								"source": {
									"name": "Header_Column_7",
									"type": "String",
									"physicalType": "varchar"
								},
								"sink": {
									"name": "Header_Column_7",
									"type": "String",
									"physicalType": "varchar"
								}
							},
							{
								"source": {
									"name": "Header_Column_8",
									"type": "String",
									"physicalType": "varchar"
								},
								"sink": {
									"name": "Header_Column_8",
									"type": "String",
									"physicalType": "varchar"
								}
							},
							{
								"source": {
									"name": "Header_Column_9",
									"type": "String",
									"physicalType": "varchar"
								},
								"sink": {
									"name": "Header_Column_9",
									"type": "String",
									"physicalType": "varchar"
								}
							},
							{
								"source": {
									"name": "Header_Column_10",
									"type": "String",
									"physicalType": "varchar"
								},
								"sink": {
									"name": "Header_Column_10",
									"type": "String",
									"physicalType": "varchar"
								}
							},
							{
								"source": {
									"name": "Footer_Column_1",
									"type": "String",
									"physicalType": "varchar"
								},
								"sink": {
									"name": "Footer_Column_1",
									"type": "String",
									"physicalType": "varchar"
								}
							},
							{
								"source": {
									"name": "Footer_Column_2",
									"type": "String",
									"physicalType": "varchar"
								},
								"sink": {
									"name": "Footer_Column_2",
									"type": "String",
									"physicalType": "varchar"
								}
							},
							{
								"source": {
									"name": "Footer_Column_3",
									"type": "String",
									"physicalType": "varchar"
								},
								"sink": {
									"name": "Footer_Column_3",
									"type": "String",
									"physicalType": "varchar"
								}
							},
							{
								"source": {
									"name": "Footer_Column_4",
									"type": "String",
									"physicalType": "varchar"
								},
								"sink": {
									"name": "Footer_Column_4",
									"type": "String",
									"physicalType": "varchar"
								}
							},
							{
								"source": {
									"name": "Footer_Column_5",
									"type": "String",
									"physicalType": "varchar"
								},
								"sink": {
									"name": "Footer_Column_5",
									"type": "String",
									"physicalType": "varchar"
								}
							},
							{
								"source": {
									"name": "Footer_Column_6",
									"type": "String",
									"physicalType": "varchar"
								},
								"sink": {
									"name": "Footer_Column_6",
									"type": "String",
									"physicalType": "varchar"
								}
							},
							{
								"source": {
									"name": "Footer_Column_7",
									"type": "String",
									"physicalType": "varchar"
								},
								"sink": {
									"name": "Footer_Column_7",
									"type": "String",
									"physicalType": "varchar"
								}
							},
							{
								"source": {
									"name": "Footer_Column_8",
									"type": "String",
									"physicalType": "varchar"
								},
								"sink": {
									"name": "Footer_Column_8",
									"type": "String",
									"physicalType": "varchar"
								}
							},
							{
								"source": {
									"name": "Footer_Column_9",
									"type": "String",
									"physicalType": "varchar"
								},
								"sink": {
									"name": "Footer_Column_9",
									"type": "String",
									"physicalType": "varchar"
								}
							},
							{
								"source": {
									"name": "Footer_Column_10",
									"type": "String",
									"physicalType": "varchar"
								},
								"sink": {
									"name": "Footer_Column_10",
									"type": "String",
									"physicalType": "varchar"
								}
							},
							{
								"source": {
									"name": "OMNI_Field_50",
									"type": "String",
									"physicalType": "varchar"
								},
								"sink": {
									"name": "OMNI_Field_50",
									"type": "String",
									"physicalType": "varchar"
								}
							},
							{
								"source": {
									"name": "OMNI_Field_51",
									"type": "String",
									"physicalType": "varchar"
								},
								"sink": {
									"name": "OMNI_Field_51",
									"type": "String",
									"physicalType": "varchar"
								}
							},
							{
								"source": {
									"name": "PAYLOCITY_Field_71",
									"type": "String",
									"physicalType": "varchar"
								},
								"sink": {
									"name": "PAYLOCITY_Field_71",
									"type": "String",
									"physicalType": "varchar"
								}
							},
							{
								"source": {
									"name": "PAYLOCITY_Field_72",
									"type": "String",
									"physicalType": "varchar"
								},
								"sink": {
									"name": "PAYLOCITY_Field_72",
									"type": "String",
									"physicalType": "varchar"
								}
							},
							{
								"source": {
									"name": "PAYLOCITY_Field_73",
									"type": "String",
									"physicalType": "varchar"
								},
								"sink": {
									"name": "PAYLOCITY_Field_73",
									"type": "String",
									"physicalType": "varchar"
								}
							},
							{
								"source": {
									"name": "PAYLOCITY_Field_74",
									"type": "String",
									"physicalType": "varchar"
								},
								"sink": {
									"name": "PAYLOCITY_Field_74",
									"type": "String",
									"physicalType": "varchar"
								}
							},
							{
								"source": {
									"name": "Status",
									"type": "String",
									"physicalType": "varchar"
								},
								"sink": {
									"name": "Status",
									"type": "String",
									"physicalType": "varchar"
								}
							}
						],
						"typeConversion": true,
						"typeConversionSettings": {
							"allowDataTruncation": true,
							"treatBooleanAsNumber": false
						}
					}
				},
				"inputs": [
					{
						"referenceName": "AzureSqlIngestionTable",
						"type": "DatasetReference"
					}
				],
				"outputs": [
					{
						"referenceName": "StagingIngestionTable",
						"type": "DatasetReference"
					}
				]
			},
			{
				"name": "DeleteDataFromTempStaging",
				"type": "Lookup",
				"dependsOn": [
					{
						"activity": "CopyFromTempToStaging",
						"dependencyConditions": [
							"Succeeded"
						]
					}
				],
				"policy": {
					"timeout": "7.00:00:00",
					"retry": 0,
					"retryIntervalInSeconds": 30,
					"secureOutput": false,
					"secureInput": false
				},
				"userProperties": [],
				"typeProperties": {
					"source": {
						"type": "AzureSqlSource",
						"sqlReaderStoredProcedureName": "[dbo].[SP_Clean_Staging_Temp_Data]",
						"storedProcedureParameters": {
							"FileReceivedID": {
								"type": "String",
								"value": {
									"value": "@pipeline().parameters.FileReceivedID",
									"type": "Expression"
								}
							}
						},
						"queryTimeout": "02:00:00",
						"partitionOption": "None"
					},
					"dataset": {
						"referenceName": "StagingIngestionTempTable",
						"type": "DatasetReference"
					},
					"firstRowOnly": false
				}
			},
			{
				"name": "UpdateStatusInLandingTable",
				"type": "Lookup",
				"dependsOn": [
					{
						"activity": "ValidationFlow",
						"dependencyConditions": [
							"Succeeded"
						]
					}
				],
				"policy": {
					"timeout": "7.00:00:00",
					"retry": 0,
					"retryIntervalInSeconds": 30,
					"secureOutput": false,
					"secureInput": false
				},
				"userProperties": [],
				"typeProperties": {
					"source": {
						"type": "AzureSqlSource",
						"sqlReaderStoredProcedureName": "[dbo].[SP_LandingTable_Status_Update]",
						"storedProcedureParameters": {
							"filereceivedID": {
								"type": "String",
								"value": {
									"value": "@pipeline().parameters.FileReceivedID",
									"type": "Expression"
								}
							}
						},
						"queryTimeout": "02:00:00",
						"partitionOption": "None"
					},
					"dataset": {
						"referenceName": "AzureSqlIngestionTable",
						"type": "DatasetReference"
					}
				}
			},
			{
				"name": "PretransformAmountValidation",
				"type": "Lookup",
				"dependsOn": [],
				"policy": {
					"timeout": "7.00:00:00",
					"retry": 0,
					"retryIntervalInSeconds": 30,
					"secureOutput": false,
					"secureInput": false
				},
				"userProperties": [],
				"typeProperties": {
					"source": {
						"type": "AzureSqlSource",
						"sqlReaderStoredProcedureName": "[dbo].[SP_PreTransform_Validations]",
						"storedProcedureParameters": {
							"filereceivedID": {
								"type": "String",
								"value": {
									"value": "@pipeline().parameters.FileReceivedID",
									"type": "Expression"
								}
							}
						},
						"queryTimeout": "02:00:00",
						"partitionOption": "None"
					},
					"dataset": {
						"referenceName": "AzureSqlIngestionTable",
						"type": "DatasetReference"
					}
				}
			}
		],
		"parameters": {
			"FileReceivedID": {
				"type": "string"
			}
		},
		"annotations": []
	}
}